name;species;count;dist;side;lon;lat;elev;time_ori;date;time;memo;pic
Li001;高山兀鹫;20;;;99,90459595;35,56184402;2993,91;2014-06-28T02:33:35Z;6/28/14;10:33:35;;1
51;旱獭;3;NA;;99,651465;35,821605;3759;2014-06-29T00:29:01Z;6/29/14;8:29:01;;
54;高原兔;2;NA;;99,530589;35,603693;4041;2014-06-29T00:57:40Z;6/29/14;8:57:40;;
55;高原兔;2;NA;;99,459498;35,407621;3970;2014-06-29T01:29:18Z;6/29/14;9:29:18;;
59;鼠兔;2;NA;;98,974383;35,246865;4229;2014-06-29T02:53:03Z;6/29/14;10:53:03;;
61;白尾海雕;;NA;;98,791041;35,098549;4314;2014-06-29T03:19:00Z;6/29/14;11:19:00;;
62;大鵟;1;NA;;98,692954;35,062238;4497;2014-06-29T03:28:50Z;6/29/14;11:28:50;;
Li002;藏原羚;3;80;;98,45431883;34,86232437;4238,84;2014-06-29T04:04:17Z;6/29/14;12:04:17;;1
64;赤麻鸭;3;NA;;98,380023;34,830574;4235;2014-06-29T04:17:59Z;6/29/14;12:17:59;小型湿地;
65;藏野驴;13;122;;98,371357;34,828195;4224;2014-06-29T04:21:06Z;6/29/14;12:21:06;;
66;黑颈鹤;1;177;;98,284741;34,856807;4230;2014-06-29T04:31:41Z;6/29/14;12:31:41;;
70;赤麻鸭;;NA;;98,152495;34,874985;4237;2014-06-29T06:13:23Z;6/29/14;14:13:23;;
70;渔鸥;;NA;;98,152495;34,874985;4237;2014-06-29T06:13:23Z;6/29/14;14:13:23;;
70;棕头鸥;;NA;;98,152495;34,874985;4237;2014-06-29T06:13:23Z;6/29/14;14:13:23;;
Li005;藏野驴;1;900;;98,08281707;34,69975302;4260,93;2014-06-29T06:33:15Z;6/29/14;14:33:15;;1
Li006;藏原羚;3;300;;98,08103806;34,69017486;4312,34;2014-06-29T06:34:34Z;6/29/14;14:34:34;;1
76;小黄尾鸲;;NA;;98,078285;34,68408;4320;2014-06-29T06:37:02Z;6/29/14;14:37:02;;
Li007;藏野驴;1;116;R;97,9502945;34,37637276;4445,96;2014-06-29T07:27:03Z;6/29/14;15:27:03;;
Li008;藏野驴;1;2000;R;97,93708371;34,37155581;4480,41;2014-06-29T07:29:10Z;6/29/14;15:29:10;;
82;藏野驴;2;1000;L;97,925548;34,326409;4511;2014-06-29T07:37:14Z;6/29/14;15:37:14;;
Li010;藏野驴;11;1000;L;97,88210541;34,27494485;4635,3;2014-06-29T07:48:19Z;6/29/14;15:48:19;;
Li011;黑颈鹤;2;200;L;97,70973518;34,15784622;4652,03;2014-06-29T08:40:54Z;6/29/14;16:40:54;;
Li012;沙狐;1;0;;97,24693005;33,88313817;4491,71;2014-06-29T09:51:05Z;6/29/14;17:51:05;过路;
Li013;高山兀鹫;9;800;R;96,6162933;33,1854485;4223,04;2014-06-30T03:55:58Z;6/30/14;11:55:58;;
Li014;黑颈鹤;1;400;L;96,54444093;33,20819013;4214,01;2014-06-30T04:32:38Z;6/30/14;12:32:38;;
Li015;沙狐;1;0;;96,25695719;33,33526704;4666,22;2014-06-30T06:17:22Z;6/30/14;14:17:22;;
Li016;猎隼;1;50;R;96,20313649;33,38746997;4546,74;2014-06-30T06:48:47Z;6/30/14;14:48:47;;
109;大鵟;;NA;L;96,759097;33,105935;4172;2014-06-30T07:35:06Z;6/30/14;15:35:06;;1
110;大鵟;3;NA;R;96,756742;33,106559;4180;2014-06-30T07:36:26Z;6/30/14;15:36:26;有鸟巢;
111;高山兀鹫;2;NA;;96,727327;33,12596;4297;2014-06-30T07:44:49Z;6/30/14;15:44:49;;
112;沙狐;1;30;L;96,654816;33,137639;4281;2014-06-30T08:09:59Z;6/30/14;16:09:59;附近有村落，杀狐不怕人，进洞休息;
113;旱獭;1;150;L;96,593035;33,194554;4239;2014-06-30T08:43:59Z;6/30/14;16:43:59;;
115;白鹭;36;150;L;96,569947;33,201923;4229;2014-06-30T08:49:22Z;6/30/14;16:49:22;;
115;大鵟;4;200;L;96,569947;33,201923;4229;2014-06-30T08:49:22Z;6/30/14;16:49:22;;
115;牛背鹭;12;NA;L;96,569947;33,201923;4229;2014-06-30T08:49:22Z;6/30/14;16:49:22;;
116;黑颈鹤;2;1200;L;96,557698;33,203882;4238;2014-06-30T08:56:53Z;6/30/14;16:56:53;;
118;斑头雁;10;1000;;96,51974;33,208586;4229;2014-06-30T09:06:36Z;6/30/14;17:06:36;;
118;旱獭;1;100;;96,51974;33,208586;4229;2014-06-30T09:06:36Z;6/30/14;17:06:36;;
118;黑颈鹤;2;1000;;96,51974;33,208586;4229;2014-06-30T09:06:36Z;6/30/14;17:06:36;;
119;黑颈鹤;3;1500;;96,503291;33,213454;4222;2014-06-30T09:12:28Z;6/30/14;17:12:28;;
121;旱獭;1;10;;96,408727;33,261274;4199;2014-06-30T09:39:26Z;6/30/14;17:39:26;;
122;沙狐;1;100;;96,304425;33,304917;4388;2014-06-30T10:00:49Z;6/30/14;18:00:49;;
123;鼠兔;10;0;L;96,278181;33,318619;4507;2014-06-30T10:09:13Z;6/30/14;18:09:13;鼠兔密集分布路段;
124;旱獭;2;150;L;96,263139;33,330268;4617;2014-06-30T10:14:33Z;6/30/14;18:14:33;;
124;沙狐;1;100;L;96,263139;33,330268;4617;2014-06-30T10:14:33Z;6/30/14;18:14:33;旱獭追狐狸;
125;金雕;1;NA;R;96,204195;33,385458;4559;2014-06-30T10:40:48Z;6/30/14;18:40:48;;
126;沙狐;1;300;;96,138537;33,437816;4459;2014-06-30T11:04:53Z;6/30/14;19:04:53;;
127;旱獭;2;300;;96,135656;33,441882;4447;2014-06-30T11:05:58Z;6/30/14;19:05:58;;
128;旱獭;1;150;;96,115643;33,462676;4411;2014-06-30T11:11:59Z;6/30/14;19:11:59;;
129;旱獭;3;100;;96,079653;33,518396;4376;2014-06-30T11:27:50Z;6/30/14;19:27:50;;
130;金雕;3;100;;96,077773;33,521281;4368;2014-06-30T11:28:26Z;6/30/14;19:28:26;;
132;金雕;1;20;;96,059021;33,54576;4329;2014-06-30T11:35:08Z;6/30/14;19:35:08;;
133;旱獭;1;100;;96,053143;33,553215;4325;2014-06-30T11:36:54Z;6/30/14;19:36:54;;
133;金雕;1;20;;96,053143;33,553215;4325;2014-06-30T11:36:54Z;6/30/14;19:36:54;;
134;金雕;1;20;;96,046851;33,557285;4328;2014-06-30T11:39:40Z;6/30/14;19:39:40;;
135;白唇鹿;5;10;L;96,012436;33,584694;4255;2014-06-30T11:53:03Z;6/30/14;19:53:03;;
135;白唇鹿;1;100;R;96,012436;33,584694;4255;2014-06-30T11:53:03Z;6/30/14;19:53:03;;
136;旱獭;1;10;;95,960658;33,620356;4219;2014-06-30T12:07:16Z;6/30/14;20:07:16;;
137;旱獭;2;200;R;95,936871;33,632749;4208;2014-06-30T12:12:36Z;6/30/14;20:12:36;;
138;旱獭;2;150;L;95,93146;33,6332;4198;2014-06-30T12:13:33Z;6/30/14;20:13:33;;
139;旱獭;1;100;;95,927606;33,634499;4195;2014-06-30T12:14:17Z;6/30/14;20:14:17;;
140;沙狐;1;150;;95,89239;33,647221;4189;2014-06-30T12:21:42Z;6/30/14;20:21:42;;
141;高原兔;1;100;;95,877234;33,691071;4147;2014-06-30T12:34:04Z;6/30/14;20:34:04;;
142;金雕;1;0;;95,875183;33,717407;4192;2014-06-30T12:40:18Z;6/30/14;20:40:18;;
143;沙狐;1;200;;95,855085;33,737725;4270;2014-06-30T12:46:33Z;6/30/14;20:46:33;;
144;金雕;2;100;;95,797939;33,771227;4356;2014-06-30T12:58:31Z;6/30/14;20:58:31;;
145;沙狐;3;0;;95,777119;33,781727;4329;2014-06-30T13:02:01Z;6/30/14;21:02:01;;
146;猎隼;1;0;L ;95,767467;33,78874;4311;2014-06-30T13:03:57Z;6/30/14;21:03:57;;
147;金雕;1;20;;95,754509;33,798849;4292;2014-06-30T13:06:34Z;6/30/14;21:06:34;;
148;金雕;1;10000;;95,739069;33,806825;4274;2014-06-30T13:09:15Z;6/30/14;21:09:15;;
148;猎隼;2;10000;;95,739069;33,806825;4274;2014-06-30T13:09:15Z;6/30/14;21:09:15;;
152;金雕;1;20;L;95,493184;33,819352;4250;2014-07-01T03:36:07Z;7/1/14;11:36:07;;
154;金雕;0;5;R;95,406082;33,842674;4385;2014-07-01T04:03:48Z;7/1/14;12:03:48;巢穴;
155;金雕;0;5;R;95,402001;33,849697;4414;2014-07-01T04:05:20Z;7/1/14;12:05:20;巢穴;
156;大鵟;1;10;;95,399981;33,85245;4422;2014-07-01T04:05:58Z;7/1/14;12:05:58;;1
157;大鵟;0;5;;95,391326;33,858804;4450;2014-07-01T04:09:37Z;7/1/14;12:09:37;巢穴;1
159;猎隼;1;30;R;95,369151;33,873738;4522;2014-07-01T04:14:34Z;7/1/14;12:14:34;;
Li017;白唇鹿;4;0;;95,3404075;33,90508573;4512,51;2014-07-01T04:31:44Z;7/1/14;12:31:44;;1
161;金雕;1;260;R;95,308466;33,940135;4516;2014-07-01T04:43:27Z;7/1/14;12:43:27;;
161;大鵟;1;NA;;95,308466;33,940135;4516;2014-07-01T04:43:27Z;7/1/14;12:43:27;路线上空;
Li018;藏原羚;2;260;R;95,3072306;33,941874;4517,19;2014-07-01T05:29:23Z;7/1/14;13:29:23;;
162;大鵟;1;10;;95,289916;33,965794;4552;2014-07-01T05:40:18Z;7/1/14;13:40:18;电线杆;
163;猎隼;1;5;;95,288709;33,967594;4558;2014-07-01T05:40:43Z;7/1/14;13:40:43;电线杆;
164;旱獭;1;10;R;95,264682;33,992724;4561;2014-07-01T05:46:28Z;7/1/14;13:46:28;;
165;旱獭;1;10;R;95,249782;34,001527;4563;2014-07-01T05:48:31Z;7/1/14;13:48:31;;
166;旱獭;1;10;L;95,244602;34,006243;4569;2014-07-01T05:49:25Z;7/1/14;13:49:25;;
167;旱獭;1;10;R;95,235721;34,018353;4580;2014-07-01T05:51:24Z;7/1/14;13:51:24;;
168;旱獭;1;50;R;95,164825;34,086566;4690;2014-07-01T06:04:29Z;7/1/14;14:04:29;;
169;旱獭;1;10;L;95,09992;34,106069;4678;2014-07-01T06:12:55Z;7/1/14;14:12:55;;
170;旱獭;1;50;R;95,008257;34,172262;4605;2014-07-01T06:28:45Z;7/1/14;14:28:45;;
171;沙狐;1;30;L;95,00237;34,175443;4601;2014-07-01T06:29:39Z;7/1/14;14:29:39;;
172;旱獭;3;15;R;94,984559;34,188401;4593;2014-07-01T06:32:34Z;7/1/14;14:32:34;;
173;猎隼;0;30;R;94,971418;34,198308;4588;2014-07-01T06:34:51Z;7/1/14;14:34:51;;
177;金雕;1;10;L;94,928148;34,247389;4565;2014-07-01T06:43:51Z;7/1/14;14:43:51;;
181;旱獭;1;30;R;94,855897;34,23019;4521;2014-07-01T07:17:12Z;7/1/14;15:17:12;;
182;旱獭;1;100;R;94,85119;34,222843;4518;2014-07-01T07:19:56Z;7/1/14;15:19:56;;
183;旱獭;2;40;L;94,854014;34,21414;4523;2014-07-01T07:21:45Z;7/1/14;15:21:45;;
184;旱獭;1;20;L;94,854317;34,209284;4526;2014-07-01T07:23:07Z;7/1/14;15:23:07;;
185;旱獭;1;20;L;94,854567;34,20389;4529;2014-07-01T07:24:13Z;7/1/14;15:24:13;;
186;旱獭;1;15;L;94,854721;34,201907;4530;2014-07-01T07:24:32Z;7/1/14;15:24:32;;
189;旱獭;1;70;L;94,848702;34,185271;4537;2014-07-01T07:28:39Z;7/1/14;15:28:39;;
190;旱獭;1;100;L;94,843962;34,182779;4541;2014-07-01T07:30:11Z;7/1/14;15:30:11;;
Li019;小鸮;1;;;94,83525068;34,17972676;4530,13;2014-07-01T07:33:28Z;7/1/14;15:33:28;;1
191;猎隼;1;30;L;94,828319;34,171407;4545;2014-07-01T07:36:06Z;7/1/14;15:36:06;;
Li020;猎隼;1;15;R;94,8145544;34,16446484;4544,24;2014-07-01T07:39:51Z;7/1/14;15:39:51;;
194;猎隼;1;10;L;94,808513;34,157724;4559;2014-07-01T07:42:21Z;7/1/14;15:42:21;;
195;旱獭;;149;;94,799889;34,152299;4561;2014-07-01T07:44:28Z;7/1/14;15:44:28;;
196;大鵟;2;0;;94,772032;34,13601;4570;2014-07-01T07:51:54Z;7/1/14;15:51:54;;
197;大鵟;1;NA;;94,765556;34,131415;4577;2014-07-01T07:53:48Z;7/1/14;15:53:48;;1
198;旱獭;1;20;L;94,747875;34,097467;4590;2014-07-01T08:04:11Z;7/1/14;16:04:11;;
199;旱獭;1;15;R;94,747326;34,094612;4592;2014-07-01T08:04:52Z;7/1/14;16:04:52;;
Li021;藏原羚;3;240;L;94,73883551;34,07959844;4595,32;2014-07-01T08:15:23Z;7/1/14;16:15:23;;1
201;大鵟;1;200;L;94,733624;34,062364;4622;2014-07-01T08:21:25Z;7/1/14;16:21:25;;
Li022;沙狐;1;30;R;94,73231921;34,06310572;4614,52;2014-07-01T08:21:55Z;7/1/14;16:21:55;;
Li023;藏原羚;2;100;L;94,72919408;34,05209402;4622,31;2014-07-01T08:25:44Z;7/1/14;16:25:44;;
Li024;藏原羚;1;250;R;94,71359384;34,03719869;4624,3;2014-07-01T08:33:20Z;7/1/14;16:33:20;;
204;旱獭;1;100;R;94,687235;34,028234;4649;2014-07-01T08:39:16Z;7/1/14;16:39:16;;
206;渡鸦;4;0;;94,599896;34,048582;4758;2014-07-01T08:59:28Z;7/1/14;16:59:28;马路上;
207;赤麻鸭;5;30;;94,582227;34,054329;4747;2014-07-01T09:03:25Z;7/1/14;17:03:25;;
208;斑头雁;1;0;;94,555391;34,062318;4728;2014-07-01T09:13:50Z;7/1/14;17:13:50;马路上;
209;普通燕鸥;3;0;;94,549774;34,063592;4728;2014-07-01T09:15:03Z;7/1/14;17:15:03;;
Li025;斑头雁;20;;;94,5349326;34,06734114;4726,57;2014-07-01T09:18:51Z;7/1/14;17:18:51;3families;1
211;旱獭;2;15;R;94,443754;34,04197;4771;2014-07-01T09:37:42Z;7/1/14;17:37:42;;
Li026;沙狐;1;80;R;94,41602312;34,05244855;4700,65;2014-07-01T09:41:15Z;7/1/14;17:41:15;;
212;旱獭;2;20;R;94,382412;34,064291;4695;2014-07-01T09:47:24Z;7/1/14;17:47:24;;
213;旱獭;1;5;R;94,380826;34,064519;4696;2014-07-01T09:47:39Z;7/1/14;17:47:39;;
214;旱獭;5;30;R;94,370029;34,064795;4680;2014-07-01T09:49:10Z;7/1/14;17:49:10;;
215;高原兔;1;10;R;94,348173;34,078667;4672;2014-07-01T09:52:56Z;7/1/14;17:52:56;;
216;高原兔;2;6;R;94,345844;34,080862;4668;2014-07-01T09:53:28Z;7/1/14;17:53:28;;
217;旱獭;1;1;R;94,325697;34,082264;4665;2014-07-01T09:56:14Z;7/1/14;17:56:14;;
Li027;狼;1;150;;94,24172291;34,11170635;4623,29;2014-07-01T10:14:54Z;7/1/14;18:14:54;;1
219;大鵟;2;50;L;94,245499;34,108401;4632;2014-07-01T10:16:37Z;7/1/14;18:16:37;;
Li028;藏原羚;2;500;L;94,20402556;34,11893983;4669,28;2014-07-01T10:22:51Z;7/1/14;18:22:51;;
Li029;藏原羚;1;500;R;94,18634983;34,11753796;4693,25;2014-07-01T10:28:00Z;7/1/14;18:28:00;;
223;旱獭;1;100;R;94,182695;34,117482;4701;2014-07-01T10:29:48Z;7/1/14;18:29:48;;
224;旱獭;1;20;R;94,180217;34,118572;4703;2014-07-01T10:30:38Z;7/1/14;18:30:38;;
225;旱獭;1;30;R;94,17843;34,119542;4709;2014-07-01T10:31:05Z;7/1/14;18:31:05;;
226;大鵟;1;800;L;94,170232;34,120714;4680;2014-07-01T10:32:24Z;7/1/14;18:32:24;;
227;高原兔;1;1;L;94,133426;34,10581;4784;2014-07-01T10:40:33Z;7/1/14;18:40:33;;
229;赤麻鸭;1;40;R;94,107314;34,108648;4748;2014-07-01T10:46:49Z;7/1/14;18:46:49;;
Li030;沙狐;1;50;R;94,09525018;34,10421072;4769,12;2014-07-01T10:50:20Z;7/1/14;18:50:20;;
Li031;藏原羚;5;300;L;94,08987796;34,10219992;4792,16;2014-07-01T10:54:21Z;7/1/14;18:54:21;;
Li032;藏野驴;4;80;L;94,06186164;34,04288055;4744,27;2014-07-01T11:17:59Z;7/1/14;19:17:59;;
233;旱獭;1;100;R;94,056429;34,034779;4773;2014-07-01T11:21:21Z;7/1/14;19:21:21;;
234;旱獭;2;100;L;94,050248;34,035145;4783;2014-07-01T11:22:59Z;7/1/14;19:22:59;;
235;旱獭;3;80;R;94,042657;34,035007;4777;2014-07-01T11:24:29Z;7/1/14;19:24:29;;
Li033;藏野驴;12;0;;94,03457145;34,03855629;4772,74;2014-07-01T11:26:57Z;7/1/14;19:26:57;;1
237;藏野驴;4;1000;L;94,004083;34,028646;4719;2014-07-01T11:37:56Z;7/1/14;19:37:56;;
Li034;藏野驴;30;200;;93,99847184;34,02845417;4708,03;2014-07-01T11:39:37Z;7/1/14;19:39:37;;1
Li035;藏野驴;5;300;;93,99632267;34,02752027;4721,4;2014-07-01T11:40:09Z;7/1/14;19:40:09;;
238;旱獭;10;100;L;93,997545;34,025738;4725;2014-07-01T11:40:27Z;7/1/14;19:40:27;;
Li036;藏野驴;3;150;;93,99352744;34,02621614;4725,39;2014-07-01T11:40:36Z;7/1/14;19:40:36;;
Li037;藏野驴;2;150;;93,98815642;34,02359618;4725,79;2014-07-01T11:41:22Z;7/1/14;19:41:22;;
Li038;藏野驴;3;100;L;93,98133589;34,02014528;4731,33;2014-07-01T11:42:42Z;7/1/14;19:42:42;;
Li039;藏野驴;1;150;;93,97809826;34,01804142;4715,54;2014-07-01T11:43:20Z;7/1/14;19:43:20;;
Li040;藏野驴;1;150;L;93,97225866;34,01368408;4717,49;2014-07-01T11:44:33Z;7/1/14;19:44:33;;
Li041;藏野驴;29;500;L;93,97219799;34,01364637;4716,3;2014-07-01T11:45:15Z;7/1/14;19:45:15;;
Li042;藏野驴;1;200;L;93,95938091;34,00461763;4686,43;2014-07-01T11:51:25Z;7/1/14;19:51:25;;
245;藏野驴;2;200;L;93,96195;34,003695;4684;2014-07-01T11:51:49Z;7/1/14;19:51:49;;
246;旱獭;1;1000;L;93,957017;33,998903;4668;2014-07-01T11:53:02Z;7/1/14;19:53:02;;
Li043;藏野驴;1;350;L;93,95201907;33,99611646;4638,88;2014-07-01T11:53:08Z;7/1/14;19:53:08;;
247;旱獭;1;50;L;93,953547;33,994664;4654;2014-07-01T11:54:03Z;7/1/14;19:54:03;;
Li044;藏原羚;1;200;R;93,93656126;33,9770582;4583,83;2014-07-01T11:58:49Z;7/1/14;19:58:49;;1
250;旱獭;2;70;L;93,939413;33,976658;4609;2014-07-01T11:59:02Z;7/1/14;19:59:02;;
Li045;藏野驴;14;120;R;93,93464796;33,97569316;4595,41;2014-07-01T11:59:35Z;7/1/14;19:59:35;;
Li046;藏野驴;12;150;L;93,93342191;33,97475036;4587,99;2014-07-01T12:00:15Z;7/1/14;20:00:15;;
253;藏野驴;2;2000;R;93,931287;33,970302;4597;2014-07-01T12:02:10Z;7/1/14;20:02:10;;
254;旱獭;5;150;L;93,927359;33,967146;4591;2014-07-01T12:03:32Z;7/1/14;20:03:32;;
255;旱獭;5;5;R;93,924688;33,965444;4590;2014-07-01T12:04:21Z;7/1/14;20:04:21;;
256;旱獭;1;20;L;93,918551;33,962301;4583;2014-07-01T12:06:11Z;7/1/14;20:06:11;;
257;旱獭;1;20;L;93,916943;33,961435;4581;2014-07-01T12:06:29Z;7/1/14;20:06:29;;
Li047;藏原羚;1;100;L;93,91599773;33,95572812;4558,3;2014-07-01T12:06:36Z;7/1/14;20:06:36;;
Li048;藏野驴;6;200;R;93,91348222;33,95289524;4588,02;2014-07-01T12:07:11Z;7/1/14;20:07:11;;
Li049;猎隼;2;0;;93,90361203;33,94143276;4553,13;2014-07-01T12:12:38Z;7/1/14;20:12:38;;1
260;旱獭;1;50;L;93,899968;33,936055;4570;2014-07-01T12:14:19Z;7/1/14;20:14:19;;
261;旱獭;1;10;R;93,890739;33,929342;4590;2014-07-01T12:16:34Z;7/1/14;20:16:34;;
262;旱獭;2;100;L;93,886512;33,926252;4604;2014-07-01T12:17:53Z;7/1/14;20:17:53;;
262;旱獭;1;25;R;93,886512;33,926252;4604;2014-07-01T12:17:53Z;7/1/14;20:17:53;;
263;旱獭;1;50;R;93,882982;33,923815;4605;2014-07-01T12:18:53Z;7/1/14;20:18:53;;
263;旱獭;1;5;R;93,882982;33,923815;4605;2014-07-01T12:18:53Z;7/1/14;20:18:53;;
Li050;藏野驴;6;400;L;93,87576344;33,92252349;4585,07;2014-07-01T12:19:55Z;7/1/14;20:19:55;;
264;旱獭;1;10;R;93,846107;33,913521;4586;2014-07-01T12:26:18Z;7/1/14;20:26:18;;
265;旱獭;1;10;R;93,775348;33,888105;4516;2014-07-01T12:39:33Z;7/1/14;20:39:33;;
Li051;藏原羚;1;0;;93,77132471;33,89006672;4508,59;2014-07-01T12:39:55Z;7/1/14;20:39:55;;
Li052;藏原羚;1;100;L;93,76158467;33,89401853;4502,18;2014-07-01T12:42:16Z;7/1/14;20:42:16;;
Li053;藏原羚;1;100;R;93,75767979;33,89536332;4498,59;2014-07-01T12:43:18Z;7/1/14;20:43:18;;
269;藏野驴;2;212;R;93,679444;33,903367;4397;2014-07-02T02:10:53Z;7/2/14;10:10:53;;
Li054;藏原羚;4;212;R;93,67811974;33,90519041;4457,83;2014-07-02T02:11:25Z;7/2/14;10:11:25;;
270;旱獭;1;10;R;93,681032;33,910283;4444;2014-07-02T02:14:10Z;7/2/14;10:14:10;;
Li055;藏野驴;8;1000;L;93,67956906;33,91530861;4445,86;2014-07-02T02:15:23Z;7/2/14;10:15:23;;
Li056;藏原羚;4;300;R;93,67946173;33,9214439;4444,45;2014-07-02T02:28:17Z;7/2/14;10:28:17;;
Li057;藏原羚;6;191;L;93,6830601;33,9299152;4442,43;2014-07-02T02:31:54Z;7/2/14;10:31:54;;
Li058;藏野驴;16;1000;L;93,68821459;33,9366049;4439,46;2014-07-02T02:39:58Z;7/2/14;10:39:58;;
Li059;藏野驴;13;1500;L;93,68819336;33,93659979;4439,67;2014-07-02T02:40:24Z;7/2/14;10:40:24;;
Li060;藏野驴;7;1200;L;93,68818846;33,93660337;4440;2014-07-02T02:40:50Z;7/2/14;10:40:50;;
Li061;藏野驴;17;150;L;93,69127364;33,9403518;4440,62;2014-07-02T02:43:07Z;7/2/14;10:43:07;;
Li062;藏野驴;4;800;L;93,68219681;34,01865466;4445,88;2014-07-02T03:07:57Z;7/2/14;11:07:57;;
277;大鵟;1;73;R;93,697769;34,003488;4455;2014-07-02T03:49:52Z;7/2/14;11:49:52;;
Li063;猎隼;1;0;;93,69554413;33,97054716;4451,35;2014-07-02T04:02:08Z;7/2/14;12:02:08;;
279;旱獭;1;5;L;93,680954;33,910645;4451;2014-07-02T04:22:52Z;7/2/14;12:22:52;;
279;旱獭;3;10;R;93,680954;33,910645;4451;2014-07-02T04:22:52Z;7/2/14;12:22:52;;
Li064;藏原羚;7;700;R;93,67705268;33,90021998;4452,44;2014-07-02T04:28:16Z;7/2/14;12:28:16;;
Li065;高原兔;1;;;93,67192264;33,89353825;0;2014-07-03T00:00:22Z;7/3/14;8:00:22;;
Li066;沙狐;1;;;93,66870399;33,89165021;;2014-07-03T00:07:44Z;7/3/14;8:07:44;;
281;藏原羚;3;0;L;93,686097;33,894796;4383;2014-07-03T01:28:21Z;7/3/14;9:28:21;;
Li067;藏野驴;1;150;R;93,69237509;33,89727932;4466,66;2014-07-03T01:29:18Z;7/3/14;9:29:18;;
Li068;藏野驴;5;300;L;93,69586853;33,89712283;4461,42;2014-07-03T01:30:01Z;7/3/14;9:30:01;;
Li069;藏原羚;1;200;L;93,69843921;33,89660964;4461,85;2014-07-03T01:30:37Z;7/3/14;9:30:37;;
283;藏原羚;2;50;L;93,719455;33,889706;4488;2014-07-03T01:36:43Z;7/3/14;9:36:43;;
283;旱獭;2;50;L;93,719455;33,889706;4488;2014-07-03T01:36:43Z;7/3/14;9:36:43;;
Li070;沙狐;250;;L;93,7254865;33,89159026;4490,64;2014-07-03T01:38:53Z;7/3/14;9:38:53;;
284;旱獭;1;30;R;93,748172;33,896127;4501;2014-07-03T01:44:35Z;7/3/14;9:44:35;;
Li071;藏原羚;2;150;L;93,74846619;33,89801231;4508,5;2014-07-03T01:44:36Z;7/3/14;9:44:36;;
Li072;大鵟;1;;;93,7579347;33,89528167;4495,4;2014-07-03T01:47:08Z;7/3/14;9:47:08;;
285;寒鸦;2;30;R;93,767716;33,890264;4506;2014-07-03T01:50:58Z;7/3/14;9:50:58;;
286;寒鸦;2;20;R;93,774953;33,888071;4508;2014-07-03T01:52:10Z;7/3/14;9:52:10;;
287;旱獭;3;70;L;93,782613;33,887899;4513;2014-07-03T01:53:36Z;7/3/14;9:53:36;;
288;旱獭;2;15;L;93,79165;33,887717;4533;2014-07-03T01:55:38Z;7/3/14;9:55:38;;
289;旱獭;1;30;R;93,793206;33,887656;4534;2014-07-03T01:56:07Z;7/3/14;9:56:07;;
290;藏野驴;3;400;L;93,80293;33,887159;4524;2014-07-03T01:57:54Z;7/3/14;9:57:54;;
291;旱獭;1;10;L;93,809707;33,890462;4535;2014-07-03T01:59:33Z;7/3/14;9:59:33;;
292;旱獭;1;5;L;93,813623;33,894172;4542;2014-07-03T02:00:32Z;7/3/14;10:00:32;;
293;旱獭;2;40;R;93,829533;33,904405;4554;2014-07-03T02:04:24Z;7/3/14;10:04:24;;
294;旱獭;2;100;R;93,837016;33,908695;4563;2014-07-03T02:06:36Z;7/3/14;10:06:36;;
294;旱獭;1;120;R;93,837016;33,908695;4563;2014-07-03T02:06:36Z;7/3/14;10:06:36;;
295;旱獭;4;60;L;93,840527;33,910568;4569;2014-07-03T02:07:28Z;7/3/14;10:07:28;;
296;旱獭;2;50;R;93,845466;33,913236;4573;2014-07-03T02:08:48Z;7/3/14;10:08:48;;
297;旱獭;1;10;L;93,846942;33,913771;4577;2014-07-03T02:09:07Z;7/3/14;10:09:07;;
Li073;藏野驴;1;1000;L;93,85641062;33,91770364;4581,15;2014-07-03T02:10:12Z;7/3/14;10:10:12;;
298;旱獭;1;0;;93,867508;33,917105;4591;2014-07-03T02:13:35Z;7/3/14;10:13:35;马路上;
299;旱獭;4;50;L;93,882268;33,923386;4596;2014-07-03T02:17:14Z;7/3/14;10:17:14;;
300;旱獭;2;60;R;93,884313;33,924593;4590;2014-07-03T02:18:44Z;7/3/14;10:18:44;;
301;旱獭;3;15;R;93,885417;33,925427;4592;2014-07-03T02:19:10Z;7/3/14;10:19:10;;
302;旱獭;2;15;L;93,886355;33,926101;4593;2014-07-03T02:19:29Z;7/3/14;10:19:29;;
303;旱獭;1;40;L;93,888697;33,92787;4578;2014-07-03T02:20:15Z;7/3/14;10:20:15;;
Li074;藏原羚;2;1000;L;93,89794558;33,93729252;4560,79;2014-07-03T02:21:15Z;7/3/14;10:21:15;;
304;藏野驴;1;100;R;93,892578;33,930671;4572;2014-07-03T02:21:20Z;7/3/14;10:21:20;;
Li075;藏野驴;1;200;L;93,90789303;33,94457194;4550,55;2014-07-03T02:24:06Z;7/3/14;10:24:06;;
Li076;沙狐;1;100;R;93,90566713;33,94858092;4562,09;2014-07-03T02:26:19Z;7/3/14;10:26:19;;
Li077;藏野驴;3;700;R;93,91606628;33,95609323;4580,29;2014-07-03T02:29:21Z;7/3/14;10:29:21;;
307;藏原羚;3;500;L;93,917103;33,95455;4577;2014-07-03T02:30:11Z;7/3/14;10:30:11;;
307;藏野驴;1;50;R;93,917103;33,95455;4577;2014-07-03T02:30:11Z;7/3/14;10:30:11;;
307;金雕;1;150;R;93,917103;33,95455;4577;2014-07-03T02:30:11Z;7/3/14;10:30:11;;
Li078;藏原羚;4;300;L;93,91531695;33,95890621;4580,16;2014-07-03T02:35:42Z;7/3/14;10:35:42;;
Li079;藏野驴;2;1000;L;93,91773205;33,9643357;4567,72;2014-07-03T02:37:45Z;7/3/14;10:37:45;;
308;旱獭;1;100;L;93,916871;33,96135;4566;2014-07-03T02:37:50Z;7/3/14;10:37:50;;
309;藏野驴;3;2000;L;93,918127;33,962073;4568;2014-07-03T02:38:07Z;7/3/14;10:38:07;;
309;旱獭;1;40;R;93,918127;33,962073;4568;2014-07-03T02:38:07Z;7/3/14;10:38:07;;
310;旱獭;2;10;L;93,922028;33,964081;4570;2014-07-03T02:39:02Z;7/3/14;10:39:02;;
311;旱獭;2;30;L;93,927418;33,967175;4576;2014-07-03T02:40:34Z;7/3/14;10:40:34;;
311;金雕;1;30;L;93,927418;33,967175;4576;2014-07-03T02:40:34Z;7/3/14;10:40:34;;
311;旱獭;6;50;R;93,927418;33,967175;4576;2014-07-03T02:40:34Z;7/3/14;10:40:34;;
312;旱獭;1;15;L;93,934834;33,973062;4586;2014-07-03T02:42:57Z;7/3/14;10:42:57;;
313;旱獭;1;20;L;93,936056;33,973979;4587;2014-07-03T02:43:19Z;7/3/14;10:43:19;;
Li080;藏野驴;1;200;R;93,93966921;33,97988092;4595,19;2014-07-03T02:44:09Z;7/3/14;10:44:09;;
315;旱獭;2;20;L;93,949436;33,989579;4618;2014-07-03T02:47:54Z;7/3/14;10:47:54;;
Li081;藏野驴;6;50;L;93,95100944;33,99475801;4634;2014-07-03T02:49:08Z;7/3/14;10:49:08;;
317;大鵟;1;40;L;93,953095;33,994091;4633;2014-07-03T02:49:28Z;7/3/14;10:49:28;;
Li082;藏野驴;7;500;R;93,95692434;34,00199713;4660,15;2014-07-03T02:51:02Z;7/3/14;10:51:02;;
Li083;藏野驴;2;50;R;93,96109779;34,00574679;4669,53;2014-07-03T02:52:12Z;7/3/14;10:52:12;;
321;旱獭;1;20;L;93,964944;34,005812;4677;2014-07-03T02:53:07Z;7/3/14;10:53:07;;
Li084;藏野驴;14;500;R;93,96695132;34,00992856;4697,27;2014-07-03T02:53:38Z;7/3/14;10:53:38;;
323;旱獭;1;30;R;93,971169;34,010312;4689;2014-07-03T02:55:01Z;7/3/14;10:55:01;;
Li085;藏野驴;3;300;R;93,9780313;34,01792282;4721,9;2014-07-03T02:57:08Z;7/3/14;10:57:08;;
Li086;藏野驴;10;400;R;93,9863737;34,02263488;4735,12;2014-07-03T02:59:09Z;7/3/14;10:59:09;;
Li087;藏野驴;12;300;L;93,9890183;34,02399207;4721,47;2014-07-03T02:59:41Z;7/3/14;10:59:41;;
327;旱獭;1;10;L;93,990801;34,022492;4714;2014-07-03T03:00:11Z;7/3/14;11:00:11;;
328;旱獭;2;20;L;93,996066;34,025036;4714;2014-07-03T03:01:20Z;7/3/14;11:01:20;;
Li088;藏野驴;32;200;L;93,99782531;34,02817535;4707,35;2014-07-03T03:01:35Z;7/3/14;11:01:35;;
329;旱獭;3;30;R;93,99847;34,026127;4709;2014-07-03T03:01:57Z;7/3/14;11:01:57;;
331;旱獭;1;200;L;94,0021;34,027731;4702;2014-07-03T03:02:37Z;7/3/14;11:02:37;;
Li089;藏野驴;21;100;L;94,00955041;34,03327723;4715,37;2014-07-03T03:06:03Z;7/3/14;11:06:03;;
334;旱獭;5;20;L;94,018162;34,034856;4722;2014-07-03T03:08:09Z;7/3/14;11:08:09;;
Li090;藏野驴;11;150;L;94,01782355;34,03694198;4729,79;2014-07-03T03:08:35Z;7/3/14;11:08:35;;
Li091;藏野驴;46;1000;R;94,03792285;34,03732383;4776,21;2014-07-03T03:17:07Z;7/3/14;11:17:07;;
Li092;藏野驴;58;1000;R;94,04984081;34,03656121;4771,27;2014-07-03T03:22:44Z;7/3/14;11:22:44;;
338;旱獭;1;20;L;94,06584;34,051895;4785;2014-07-03T03:31:02Z;7/3/14;11:31:02;;
340;高山兀鹫;1;100;R;94,079201;34,098946;4823;2014-07-03T03:50:43Z;7/3/14;11:50:43;;
341;旱獭;2;5;L;94,090806;34,100403;4797;2014-07-03T03:54:08Z;7/3/14;11:54:08;;
342;大鵟;1;10;L;94,097769;34,103351;4773;2014-07-03T03:55:42Z;7/3/14;11:55:42;;
342;金雕;1;10;R;94,097769;34,103351;4773;2014-07-03T03:55:42Z;7/3/14;11:55:42;;
343;大鵟;1;0;;94,10467;34,10742;4754;2014-07-03T03:56:52Z;7/3/14;11:56:52;马路上空;
344;赤麻鸭;2;40;L;94,107331;34,108593;4749;2014-07-03T03:57:21Z;7/3/14;11:57:21;;
345;旱獭;2;40;L;94,134035;34,105395;4787;2014-07-03T04:03:05Z;7/3/14;12:03:05;;
348;旱獭;1;5;L;94,191277;34,114779;4692;2014-07-03T04:16:11Z;7/3/14;12:16:11;;
348;大鵟;1;0;;94,191277;34,114779;4692;2014-07-03T04:16:11Z;7/3/14;12:16:11;马路上空;
349;高山兀鹫;1;2000;R;94,197876;34,115731;4712;2014-07-03T04:18:19Z;7/3/14;12:18:19;;
349;旱獭;2;100;R;94,197876;34,115731;4712;2014-07-03T04:18:19Z;7/3/14;12:18:19;;
Li093;藏原羚;2;200;R;94,19851818;34,11803616;4701,52;2014-07-03T04:18:51Z;7/3/14;12:18:51;;
350;旱獭;1;10;R;94,212125;34,114985;4665;2014-07-03T04:22:04Z;7/3/14;12:22:04;;
352;旱獭;1;20;L;94,22203;34,113841;4627;2014-07-03T04:24:41Z;7/3/14;12:24:41;;
353;旱獭;1;10;L;94,243256;34,109831;4630;2014-07-03T04:28:33Z;7/3/14;12:28:33;;
354;大鵟;1;0;;94,299111;34,087827;4653;2014-07-03T04:40:04Z;7/3/14;12:40:04;马路上空;
355;大鵟;1;0;;94,337708;34,082465;4679;2014-07-03T04:45:55Z;7/3/14;12:45:55;马路上空;
356;旱獭;1;60;R;94,346254;34,080247;4668;2014-07-03T04:50:04Z;7/3/14;12:50:04;;
357;旱獭;2;40;L;94,349833;34,077825;4671;2014-07-03T04:51:08Z;7/3/14;12:51:08;;
358;旱獭;1;5;L;94,355668;34,07495;4677;2014-07-03T04:52:13Z;7/3/14;12:52:13;;
359;大鵟;2;0;;94,364326;34,06822;4676;2014-07-03T04:54:03Z;7/3/14;12:54:03;马路上空;
360;旱獭;1;0;R;94,376283;34,064959;4697;2014-07-03T04:55:45Z;7/3/14;12:55:45;;
361;旱獭;1;10;L;94,381275;34,064476;4694;2014-07-03T04:56:22Z;7/3/14;12:56:22;;
362;高原兔;2;15;L;94,383743;34,064683;4692;2014-07-03T04:56:46Z;7/3/14;12:56:46;;
363;旱獭;1;20;L;94,387731;34,064273;4703;2014-07-03T04:57:26Z;7/3/14;12:57:26;;
364;旱獭;1;15;L;94,443444;34,042194;4769;2014-07-03T05:06:53Z;7/3/14;13:06:53;;
365;旱獭;1;20;L;94,458097;34,035988;4771;2014-07-03T05:09:25Z;7/3/14;13:09:25;;
366;旱獭;2;15;L;94,478451;34,044389;4756;2014-07-03T05:12:40Z;7/3/14;13:12:40;;
367;大鵟;1;20;L;94,485943;34,048504;4748;2014-07-03T05:14:21Z;7/3/14;13:14:21;;
368;高山兀鹫;1;0;L;94,540372;34,064773;4731;2014-07-03T05:44:39Z;7/3/14;13:44:39;;
369;高山兀鹫;1;0;L;94,544077;34,0648;4735;2014-07-03T05:50:47Z;7/3/14;13:50:47;;
370;赤麻鸭;1;10;R;94,573993;34,059227;4739;2014-07-03T05:57:58Z;7/3/14;13:57:58;;
371;渡鸦;1;5;R;94,624449;34,038684;4776;2014-07-03T06:13:03Z;7/3/14;14:13:03;;
372;大鵟;1;10;L;94,714322;34,034195;4651;2014-07-03T06:30:55Z;7/3/14;14:30:55;;
Li094;狼;2;0;;94,73177153;34,06115918;4615,74;2014-07-03T06:40:26Z;7/3/14;14:40:26;;
374;旱獭;1;20;L;94,746963;34,092786;4600;2014-07-03T06:50:07Z;7/3/14;14:50:07;;
Li095;藏原羚;1;600;R;94,7542434;34,11504324;4578,56;2014-07-03T06:55:08Z;7/3/14;14:55:08;;
375;白唇鹿;1;68;R;94,800576;34,15273;4566;2014-07-03T07:09:52Z;7/3/14;15:09:52;;
Li096;猎隼;1;5;R;94,85016256;34,19077988;4532,3;2014-07-03T07:33:25Z;7/3/14;15:33:25;;
377;旱獭;1;10;R;94,854537;34,204002;4530;2014-07-03T07:36:37Z;7/3/14;15:36:37;;
378;渡鸦;1;5;L;94,852176;34,225948;4522;2014-07-03T07:40:55Z;7/3/14;15:40:55;;
379;旱獭;3;10;L;94,855581;34,229782;4521;2014-07-03T07:42:15Z;7/3/14;15:42:15;;
380;旱獭;1;12;L;94,866;34,241544;4514;2014-07-03T07:45:52Z;7/3/14;15:45:52;;
381;金雕;1;5;L;94,869868;34,245925;4523;2014-07-03T07:47:08Z;7/3/14;15:47:08;;
382;旱獭;1;50;R;94,890719;34,259338;4530;2014-07-03T07:52:21Z;7/3/14;15:52:21;;
383;渡鸦;2;0;;94,907383;34,269316;4543;2014-07-03T07:58:41Z;7/3/14;15:58:41;马路上空;
385;大鵟;1;0;;94,927054;34,248817;4562;2014-07-03T08:06:59Z;7/3/14;16:06:59;马路上空;
386;大鵟;1;0;;94,95919;34,216473;4579;2014-07-03T08:13:16Z;7/3/14;16:13:16;马路上空;
387;金雕;1;5;;94,971336;34,198417;4585;2014-07-03T08:16:15Z;7/3/14;16:16:15;马路上;
388;猎隼;1;5;L;94,985806;34,187592;4592;2014-07-03T08:18:08Z;7/3/14;16:18:08;;
389;大鵟;1;10;R;94,998806;34,18153;4598;2014-07-03T08:19:26Z;7/3/14;16:19:26;;
390;渡鸦;1;5;L;95,004604;34,174677;4600;2014-07-03T08:20:56Z;7/3/14;16:20:56;;
391;旱獭;1;50;R;95,014713;34,16738;4608;2014-07-03T08:22:32Z;7/3/14;16:22:32;;
392;旱獭;1;15;L;95,018348;34,164709;4610;2014-07-03T08:23:07Z;7/3/14;16:23:07;;
393;旱獭;1;10;L;95,020862;34,16283;4611;2014-07-03T08:23:27Z;7/3/14;16:23:27;;
394;旱獭;1;50;R;95,069739;34,11736;4660;2014-07-03T08:36:22Z;7/3/14;16:36:22;;
395;旱獭;1;10;L;95,163789;34,086879;4695;2014-07-03T08:49:13Z;7/3/14;16:49:13;;
396;大鵟;1;10;L;95,224799;34,040554;4614;2014-07-03T08:57:58Z;7/3/14;16:57:58;;
397;旱獭;1;50;L;95,230924;34,026959;4602;2014-07-03T08:59:59Z;7/3/14;16:59:59;;
398;大鵟;1;5;L;95,236352;34,017154;4595;2014-07-03T09:01:22Z;7/3/14;17:01:22;;
398;旱獭;2;40;R;95,236352;34,017154;4595;2014-07-03T09:01:22Z;7/3/14;17:01:22;;
399;旱獭;1;10;L;95,239137;34,013122;4590;2014-07-03T09:01:52Z;7/3/14;17:01:52;;
400;旱獭;1;40;R;95,243881;34,0072;4585;2014-07-03T09:02:39Z;7/3/14;17:02:39;;
401;渡鸦;1;5;L;95,246273;34,004537;4583;2014-07-03T09:03:02Z;7/3/14;17:03:02;;
402;旱獭;1;20;R;95,249308;34,001956;4578;2014-07-03T09:03:28Z;7/3/14;17:03:28;;
403;大鵟;1;5;L;95,25331;33,998524;4579;2014-07-03T09:04:07Z;7/3/14;17:04:07;;
404;大鵟;0;0;R;95,275321;33,989869;4579;2014-07-03T09:06:50Z;7/3/14;17:06:50;;
405;旱獭;5;10;R;95,277435;33,987822;4579;2014-07-03T09:07:12Z;7/3/14;17:07:12;;
Li097;大鵟;2;20;R;95,2857012;33,97323923;4554,09;2014-07-03T09:07:36Z;7/3/14;17:07:36;;
406;金雕;2;10;R;95,287077;33,972784;4565;2014-07-03T09:09:46Z;7/3/14;17:09:46;;
407;旱獭;2;20;R;95,292381;33,963124;4554;2014-07-03T09:11:50Z;7/3/14;17:11:50;;
408;旱獭;1;40;R;95,33552;33,922109;4523;2014-07-03T09:21:17Z;7/3/14;17:21:17;;
409;猎隼;1;0;R;95,369695;33,872732;4544;2014-07-03T09:38:44Z;7/3/14;17:38:44;;
410;大鵟;2;20;L;95,390686;33,859174;4480;2014-07-03T09:42:33Z;7/3/14;17:42:33;;
411;渡鸦;1;5;L;95,397795;33,85424;4461;2014-07-03T09:43:38Z;7/3/14;17:43:38;;
412;大鵟;1;0;;95,400116;33,852327;4457;2014-07-03T09:44:03Z;7/3/14;17:44:03;马路上;
413;高原兔;1;200;L;95,411069;33,831033;4396;2014-07-03T09:46:57Z;7/3/14;17:46:57;;
416;旱獭;1;40;R;95,492709;33,81904;4281;2014-07-03T10:13:20Z;7/3/14;18:13:20;;
417;旱獭;2;10;L;95,508535;33,828812;4269;2014-07-03T10:16:52Z;7/3/14;18:16:52;;
421;高山兀鹫;2;0;;95,701449;33,923922;4141;2014-07-04T03:13:12Z;7/4/14;11:13:12;马路上空;
431;旱獭;1;20;R;95,710834;34,333026;4407;2014-07-04T06:45:31Z;7/4/14;14:45:31;;
Li098;沙狐;20;;L;95,69140386;34,36319565;4528,39;2014-07-04T06:52:20Z;7/4/14;14:52:20;;
Li099;藏原羚;2;150;R;95,64155154;34,34318449;4351,25;2014-07-04T07:02:39Z;7/4/14;15:02:39;;
Li100;大鵟;3;164;R;95,60465617;34,40817138;4389,13;2014-07-04T07:22:16Z;7/4/14;15:22:16;3幼鸟;
Li101;大鵟;2;50;R;95,27139987;34,63763517;4402,71;2014-07-04T08:54:38Z;7/4/14;16:54:38;雌雄;
444;旱獭;1;20;R;95,056441;34,769022;4339;2014-07-04T09:36:04Z;7/4/14;17:36:04;;
Li102;藏原羚;5;150;L;95,04211742;34,78384316;4317,07;2014-07-04T09:40:32Z;7/4/14;17:40:32;;
Li103;猎隼;1;;;94,95562779;34,84524389;0;2014-07-05T00:43:58Z;7/5/14;8:43:58;幼鸟;
Li104;大鵟;1;34;R;94,97900085;34,87822798;4282,92;2014-07-05T02:10:13Z;7/5/14;10:10:13;;
Li105;大鵟;1;40;L;95,04171162;34,90464434;4384,22;2014-07-05T02:56:06Z;7/5/14;10:56:06;;
Li106;大鵟;2;5;L;95,04221139;34,90523066;4379,77;2014-07-05T03:06:33Z;7/5/14;11:06:33;2幼鸟;
458;大鵟;2;35;L;95,052062;34,919472;4400;2014-07-05T03:12:45Z;7/5/14;11:12:45;;
459;大鵟;1;100;R;95,054971;34,930241;4419;2014-07-05T03:15:58Z;7/5/14;11:15:58;;
Li107;藏野驴;10;230;L;95,06156022;34,96260638;4495,25;2014-07-05T03:30:09Z;7/5/14;11:30:09;;
462;大鵟;1;16;R;95,067204;34,965073;4504;2014-07-05T03:32:25Z;7/5/14;11:32:25;;
Li108;藏原羚;2;122;L;95,07036985;34,98033116;4618,17;2014-07-05T03:39:54Z;7/5/14;11:39:54;;
464;大鵟;1;100;L;95,070195;34,966974;4528;2014-07-05T03:53:28Z;7/5/14;11:53:28;;
Li109;藏野驴;8;400;L;95,06241412;34,96311425;4553,69;2014-07-05T04:07:54Z;7/5/14;12:07:54;;1
Li110;赤麻鸭;4;;;95,05311339;34,92482796;4426,82;2014-07-05T04:34:52Z;7/5/14;12:34:52;;
Li111;沙狐;1;0;;95,01073994;34,89515338;4340,05;2014-07-05T04:46:03Z;7/5/14;12:46:03;;
469;大鵟;2;26;L;94,943945;34,854587;4282;2014-07-05T05:01:31Z;7/5/14;13:01:31;;
Li112;猎隼;2;;;94,94933544;34,84853758;4274,16;2014-07-05T07:17:06Z;7/5/14;15:17:06;巣;
Li113;藏原羚;1;150;L;94,93932693;34,85804538;4302,26;2014-07-05T09:26:18Z;7/5/14;17:26:18;;
Li114;猎隼;1;20;L;94,95557942;34,81384907;4261,64;2014-07-06T01:53:07Z;7/6/14;9:53:07;;
Li115;高山兀鹫;2;150;R;94,96389566;34,75491558;4235,55;2014-07-06T02:09:47Z;7/6/14;10:09:47;;
Li116;大鵟;1;;;94,96065444;34,74975074;4241,36;2014-07-06T02:12:05Z;7/6/14;10:12:05;;
Li117;大鵟;1;;;94,9319249;34,75198122;4399,02;2014-07-06T02:19:31Z;7/6/14;10:19:31;;
473;旱獭;1;50;L;94,933699;34,747438;4374;2014-07-06T02:20:45Z;7/6/14;10:20:45;;
473;旱獭;1;30;R;94,933699;34,747438;4374;2014-07-06T02:20:45Z;7/6/14;10:20:45;;
Li118;藏原羚;1;500;R;94,92937456;34,74922528;4349;2014-07-06T02:22:19Z;7/6/14;10:22:19;;
475;旱獭;1;50;L;94,916874;34,748985;4345;2014-07-06T02:27:25Z;7/6/14;10:27:25;;
476;旱獭;1;60;L;94,903667;34,75511;4376;2014-07-06T02:30:05Z;7/6/14;10:30:05;;
477;旱獭;1;10;L;94,903176;34,755659;4378;2014-07-06T02:30:12Z;7/6/14;10:30:12;;
478;旱獭;1;15;L;94,901185;34,756673;4388;2014-07-06T02:30:35Z;7/6/14;10:30:35;;
479;旱獭;1;15;L;94,899696;34,757294;4395;2014-07-06T02:30:54Z;7/6/14;10:30:54;;
480;旱獭;3;20;L;94,898039;34,75754;4397;2014-07-06T02:31:12Z;7/6/14;10:31:12;;
Li119;藏原羚;1;30;L;94,89284293;34,76183333;4409,81;2014-07-06T02:32:15Z;7/6/14;10:32:15;;
482;大鵟;1;68;R;94,893854;34,760262;4406;2014-07-06T02:33:19Z;7/6/14;10:33:19;;
Li120;赤麻鸭;2;30;R;94,89024555;34,76491509;4423,58;2014-07-06T02:35:45Z;7/6/14;10:35:45;;
Li121;大鵟;2;40;L;94,88946177;34,76546008;4423,3;2014-07-06T02:36:25Z;7/6/14;10:36:25;;
484;旱獭;1;10;L;94,889677;34,76467;4425;2014-07-06T02:36:56Z;7/6/14;10:36:56;;
485;大鵟;1;0;R;94,887738;34,767964;4438;2014-07-06T02:37:52Z;7/6/14;10:37:52;;
486;旱獭;1;70;R;94,886698;34,771729;4449;2014-07-06T02:38:43Z;7/6/14;10:38:43;;
Li122;大鵟;1;;;94,88540753;34,77585693;4468,17;2014-07-06T02:38:53Z;7/6/14;10:38:53;;
487;沙狐;1;107;L;94,886001;34,775034;4465;2014-07-06T02:40:23Z;7/6/14;10:40:23;;
Li123;藏原羚;3;150;L;94,88373943;34,77804943;4480,17;2014-07-06T02:41:16Z;7/6/14;10:41:16;;
Li124;沙狐;1;150;L;94,8820574;34,77887736;4486,08;2014-07-06T02:41:41Z;7/6/14;10:41:41;;
488;高原兔;2;50;R;94,862328;34,782093;4662;2014-07-06T02:52:28Z;7/6/14;10:52:28;;
489;旱獭;3;10;L;94,844514;34,786829;4438;2014-07-06T03:01:44Z;7/6/14;11:01:44;一只成体，两只幼崽;
490;旱獭;1;30;R;94,843733;34,787352;4429;2014-07-06T03:02:01Z;7/6/14;11:02:01;;
491;大鵟;2;250;L;94,838682;34,785801;4406;2014-07-06T03:04:58Z;7/6/14;11:04:58;;
491;旱獭;1;60;R;94,838682;34,785801;4406;2014-07-06T03:04:58Z;7/6/14;11:04:58;;
Li125;藏原羚;3;400;L;94,83653819;34,78589189;4379,17;2014-07-06T03:05:21Z;7/6/14;11:05:21;;
492;旱獭;3;30;L;94,834998;34,781982;4389;2014-07-06T03:08:25Z;7/6/14;11:08:25;;
493;大鵟;1;60;L;94,83319;34,77942;4381;2014-07-06T03:09:27Z;7/6/14;11:09:27;;
494;大鵟;1;40;R;94,789422;34,795989;4367;2014-07-06T03:24:14Z;7/6/14;11:24:14;;
495;猎隼;1;20;R;94,785865;34,799176;4361;2014-07-06T03:25:33Z;7/6/14;11:25:33;;
496;大鵟;1;10;L;94,762953;34,819885;4382;2014-07-06T03:37:47Z;7/6/14;11:37:47;;
498;藏原羚;1;50;R;94,708011;34,839417;4439;2014-07-06T03:48:41Z;7/6/14;11:48:41;;
500;大鵟;1;10;R;94,769526;34,812932;4362;2014-07-06T05:39:44Z;7/6/14;13:39:44;;
500;高原兔;1;30;R;94,769526;34,812932;4362;2014-07-06T05:39:44Z;7/6/14;13:39:44;;
501;大鵟;1;30;R;94,796579;34,785389;4324;2014-07-06T05:47:47Z;7/6/14;13:47:47;;
502;大鵟;1;800;R;94,81563;34,767633;4305;2014-07-06T05:53:26Z;7/6/14;13:53:26;;
Li126;赤麻鸭;2;100;R;94,82253209;34,75410435;4275,43;2014-07-06T06:03:36Z;7/6/14;14:03:36;;
504;高原兔;1;30;L;94,817879;34,731848;4278;2014-07-06T06:12:10Z;7/6/14;14:12:10;;
Li127;藏狐;1;;;94,81679513;34,73305569;4269,74;2014-07-06T06:13:14Z;7/6/14;14:13:14;伤;
Li128;高原兔;1;;;94,81518367;34,73255594;4275,43;2014-07-06T06:13:50Z;7/6/14;14:13:50;;
Li129;藏原羚;1;150;L;94,78228811;34,73091225;4345,86;2014-07-06T06:28:11Z;7/6/14;14:28:11;;
Li130;藏原羚;1;0;;94,77426438;34,73279133;4356,88;2014-07-06T06:31:31Z;7/6/14;14:31:31;;
508;大鵟;1;80;L;94,730929;34,746418;4369;2014-07-06T06:46:15Z;7/6/14;14:46:15;;
Li131;大鵟;2;30;L;94,66374735;34,76352947;4334,55;2014-07-06T07:03:30Z;7/6/14;15:03:30;;
Li132;藏野驴;1;1000;R;94,62515136;34,76846449;4290,5;2014-07-06T07:11:25Z;7/6/14;15:11:25;;
Li133;藏野驴;1;800;L;94,61804056;34,77073341;4300,59;2014-07-06T07:16:34Z;7/6/14;15:16:34;;
Li134;藏野驴;1;0;;94,61557484;34,77189665;4294,86;2014-07-06T07:17:44Z;7/6/14;15:17:44;;
Li135;藏野驴;2;500;L;94,60002606;34,77064404;4288,02;2014-07-06T07:21:38Z;7/6/14;15:21:38;;
Li136;藏原羚;4;1000;L;94,59250345;34,76981413;4290,86;2014-07-06T07:24:03Z;7/6/14;15:24:03;;
Li137;藏野驴;8;300;R;94,58896642;34,77102342;4286,87;2014-07-06T07:25:43Z;7/6/14;15:25:43;;
516;大鵟;1;600;R;94,584868;34,770653;4313;2014-07-06T07:27:24Z;7/6/14;15:27:24;;
Li138;藏原羚;4;900;R;94,57368458;34,77280191;4293,14;2014-07-06T07:30:37Z;7/6/14;15:30:37;;
518;沙狐;1;400;R;94,558436;34,7721;4295;2014-07-06T07:34:48Z;7/6/14;15:34:48;;
Li139;藏野驴;1;1000;R;94,55019667;34,77200877;4272,08;2014-07-06T07:35:40Z;7/6/14;15:35:40;;
Li140;大鵟;2;50;L;94,54537092;34,77130208;4293,76;2014-07-06T07:37:36Z;7/6/14;15:37:36;幼鸟;
Li141;藏原羚;7;500;R;94,54330835;34,77095346;4263,07;2014-07-06T07:38:43Z;7/6/14;15:38:43;;
522;大鵟;1;5;L;94,542926;34,769254;4283;2014-07-06T07:39:13Z;7/6/14;15:39:13;;
523;藏野驴;2;500;L;94,540972;34,768869;4284;2014-07-06T07:39:46Z;7/6/14;15:39:46;;
524;藏野驴;9;600;R;94,539356;34,768496;4283;2014-07-06T07:40:15Z;7/6/14;15:40:15;;
524;猎隼;1;800;R;94,539356;34,768496;4283;2014-07-06T07:40:15Z;7/6/14;15:40:15;;
Li142;赤麻鸭;2;100;L;94,53047446;34,76663107;4262,54;2014-07-06T07:41:53Z;7/6/14;15:41:53;;
Li143;藏原羚;4;900;R;94,52929946;34,76622212;4267,02;2014-07-06T07:43:12Z;7/6/14;15:43:12;;
Li144;藏野驴;4;1200;R;94,52815378;34,76574442;4270,26;2014-07-06T07:47:01Z;7/6/14;15:47:01;;
Li145;沙狐;1;200;R;94,5232975;34,76375833;4267,33;2014-07-06T07:50:32Z;7/6/14;15:50:32;;
Li146;藏野驴;1;1500;R;94,52090525;34,76271867;4271,78;2014-07-06T07:51:39Z;7/6/14;15:51:39;;
Li147;藏原羚;3;500;R;94,51641722;34,76095519;4272,54;2014-07-06T07:57:51Z;7/6/14;15:57:51;;
Li148;猎隼;2;50;L;94,50661737;34,75702415;4275,79;2014-07-06T08:01:52Z;7/6/14;16:01:52;;
530;藏野驴;2;1000;R;94,505753;34,754808;4285;2014-07-06T08:03:26Z;7/6/14;16:03:26;;
531;藏野驴;1;200;R;94,501055;34,755528;4286;2014-07-06T08:14:53Z;7/6/14;16:14:53;;
532;大鵟;1;5;L;94,498626;34,752914;4287;2014-07-06T08:36:38Z;7/6/14;16:36:38;;
534;大鵟;1;5;L;94,491688;34,750949;4289;2014-07-06T08:43:28Z;7/6/14;16:43:28;;
535;大鵟;1;5;L;94,489901;34,750343;4289;2014-07-06T08:43:49Z;7/6/14;16:43:49;;
Li149;藏原羚;1;0;;94,47776943;34,74795392;4308,97;2014-07-06T08:45:02Z;7/6/14;16:45:02;;
536;大鵟;1;30;L;94,481221;34,747418;4303;2014-07-06T08:45:21Z;7/6/14;16:45:21;;
Li150;藏野驴;1;50;R;94,47361714;34,74677356;4320,28;2014-07-06T08:45:46Z;7/6/14;16:45:46;;
Li151;藏原羚;2;100;R;94,46272135;34,74415951;4341,76;2014-07-06T08:48:58Z;7/6/14;16:48:58;;
Li152;藏原羚;1;100;R;94,45850353;34,74750497;4333,88;2014-07-06T08:51:56Z;7/6/14;16:51:56;;
541;大鵟;1;40;L;94,456011;34,751653;4342;2014-07-06T08:57:18Z;7/6/14;16:57:18;;
Li153;藏野驴;13;1000;R;94,45023757;34,7561528;4352,77;2014-07-06T08:59:36Z;7/6/14;16:59:36;;
543;大鵟;1;100;R;94,451999;34,754473;4348;2014-07-06T09:00:07Z;7/6/14;17:00:07;;
Li154;沙狐;1;100;R;94,44430675;34,76053677;4355,89;2014-07-06T09:04:16Z;7/6/14;17:04:16;;
545;旱獭;2;100;R;94,444777;34,759837;4350;2014-07-06T09:05:28Z;7/6/14;17:05:28;;
Li155;高山兀鹫;11;;;94,43958507;34,76347305;4364,76;2014-07-06T09:13:21Z;7/6/14;17:13:21;;
548;旱獭;1;40;L;94,431611;34,76869;4375;2014-07-06T09:22:13Z;7/6/14;17:22:13;;
Li156;藏原羚;1;150;L;94,40510995;34,78073734;4415,4;2014-07-06T09:44:06Z;7/6/14;17:44:06;;
549;旱獭;1;3;R;94,39281;34,788637;4424;2014-07-06T09:50:39Z;7/6/14;17:50:39;;
Li157;藏野驴;5;300;R;94,39015867;34,79086113;4416,13;2014-07-06T09:51:22Z;7/6/14;17:51:22;;
Li158;藏原羚;10;400;R;94,38764565;34,79129703;4417,66;2014-07-06T09:52:45Z;7/6/14;17:52:45;;
551;旱獭;1;40;L;94,387719;34,790346;4426;2014-07-06T09:53:50Z;7/6/14;17:53:50;;
Li159;藏野驴;1;400;L;94,38225483;34,791373;4429,79;2014-07-06T09:55:12Z;7/6/14;17:55:12;;
Li160;藏野驴;7;150;L;94,38123862;34,7925248;4425,28;2014-07-06T09:56:15Z;7/6/14;17:56:15;;
Li161;藏原羚;2;100;L;94,37641488;34,79535251;4426,62;2014-07-06T09:59:36Z;7/6/14;17:59:36;;
552;旱獭;1;20;L;94,377362;34,794665;4442;2014-07-06T10:00:02Z;7/6/14;18:00:02;;
Li162;藏野驴;14;50;R;94,36853994;34,79782643;4447,29;2014-07-06T10:03:02Z;7/6/14;18:03:02;;
Li163;藏原羚;7;300;L;94,3672177;34,79843969;4446,47;2014-07-06T10:04:27Z;7/6/14;18:04:27;;
554;旱獭;1;20;L;94,367;34,797949;4455;2014-07-06T10:05:13Z;7/6/14;18:05:13;;
555;旱獭;1;50;R;94,36497;34,798381;4462;2014-07-06T10:06:02Z;7/6/14;18:06:02;;
556;旱獭;1;15;L;94,363989;34,798627;4465;2014-07-06T10:06:38Z;7/6/14;18:06:38;;
557;旱獭;1;15;L;94,362177;34,801103;4460;2014-07-06T10:08:04Z;7/6/14;18:08:04;;
558;藏原羚;1;150;R;94,360485;34,802844;4458;2014-07-06T10:09:49Z;7/6/14;18:09:49;;
Li164;赤麻鸭;2;;;94,3574702;34,80423486;4451,04;2014-07-06T10:14:13Z;7/6/14;18:14:13;一家;
Li165;藏原羚;1;300;L;94,35373208;34,80557645;4458,09;2014-07-06T10:17:52Z;7/6/14;18:17:52;;
Li166;藏野驴;5;300;R;94,35022593;34,80631027;4466,41;2014-07-06T10:18:56Z;7/6/14;18:18:56;;
Li167;藏原羚;1;100;L;94,34605887;34,80592442;4459,16;2014-07-06T10:21:03Z;7/6/14;18:21:03;;
561;旱獭;1;60;R;94,346433;34,805732;4465;2014-07-06T10:21:39Z;7/6/14;18:21:39;;
Li168;藏原羚;2;300;R;94,34285643;34,80892319;4465,93;2014-07-06T10:22:29Z;7/6/14;18:22:29;;
562;旱獭;1;50;R;94,344372;34,807552;4463;2014-07-06T10:22:30Z;7/6/14;18:22:30;;
563;旱獭;1;10;L;94,341145;34,809175;4461;2014-07-06T10:24:15Z;7/6/14;18:24:15;;
563;藏原羚;1;600;R;94,341145;34,809175;4461;2014-07-06T10:24:15Z;7/6/14;18:24:15;;
Li169;藏原羚;6;100;R;94,33683757;34,81015452;4459,24;2014-07-06T10:25:33Z;7/6/14;18:25:33;;
564;旱獭;1;50;L;94,334484;34,810957;4479;2014-07-06T10:27:01Z;7/6/14;18:27:01;;
Li170;藏野驴;9;300;R;94,33210098;34,8132246;4459,86;2014-07-06T10:27:56Z;7/6/14;18:27:56;;
566;旱獭;1;20;R;94,328705;34,813722;4475;2014-07-06T10:30:39Z;7/6/14;18:30:39;;
Li171;藏野驴;1;300;R;94,32418121;34,816497;4454,29;2014-07-06T10:32:54Z;7/6/14;18:32:54;;
568;旱獭;1;20;L;94,324118;34,815828;4473;2014-07-06T10:33:56Z;7/6/14;18:33:56;;
569;旱獭;1;22;L;94,323219;34,817048;4472;2014-07-06T10:34:42Z;7/6/14;18:34:42;;
570;藏原羚;2;300;R;94,320716;34,817751;4475;2014-07-06T10:36:02Z;7/6/14;18:36:02;;
571;藏野驴;1;80;L;94,315627;34,818027;4476;2014-07-06T10:38:55Z;7/6/14;18:38:55;;
Li172;藏原羚;13;1000;R;94,31175712;34,82016694;4473,18;2014-07-06T10:42:22Z;7/6/14;18:42:22;;
Li173;藏原羚;3;300;R;94,30845267;34,82785339;4451,69;2014-07-06T10:50:56Z;7/6/14;18:50:56;;
Li174;藏野驴;1;300;L;94,30671597;34,82800973;4442,85;2014-07-06T10:52:05Z;7/6/14;18:52:05;;
Li175;藏原羚;11;0;;94,29402549;34,83723171;4431,94;2014-07-06T11:01:42Z;7/6/14;19:01:42;;
Li176;藏野驴;14;50;R;94,29185817;34,83908588;4411,29;2014-07-06T11:03:13Z;7/6/14;19:03:13;;
Li177;藏野驴;28;0;;94,27837222;34,84041721;4417,28;2014-07-06T11:08:33Z;7/6/14;19:08:33;;
Li178;藏原羚;5;20;L;94,23297008;34,85374074;4489,35;2014-07-06T11:28:18Z;7/6/14;19:28:18;;
Li179;藏野驴;7;100;R;94,21453389;34,85147242;4516,84;2014-07-06T11:36:35Z;7/6/14;19:36:35;;
Li180;藏原羚;5;300;R;94,20330042;34,85374905;0;2014-07-07T01:12:26Z;7/7/14;9:12:26;;
583;旱獭;1;100;R;94,166558;34,825519;4661;2014-07-07T01:21:17Z;7/7/14;9:21:17;;
584;旱獭;1;15;R;94,163584;34,823206;4686;2014-07-07T01:22:25Z;7/7/14;9:22:25;;
Li181;藏野驴;2;200;L;94,20862168;34,85846798;;2014-07-07T01:22:59Z;7/7/14;9:22:59;;
585;旱獭;2;2;R;94,159425;34,819104;4721;2014-07-07T01:24:38Z;7/7/14;9:24:38;;
Li182;藏原羚;5;500;L;94,32037322;34,845367;0;2014-07-07T01:26:52Z;7/7/14;9:26:52;;
Li183;沙狐;1;200;R;94,14658422;34,79962237;4814,83;2014-07-07T01:36:32Z;7/7/14;9:36:32;;
587;旱獭;1;10;L;94,147356;34,795587;4772;2014-07-07T01:38:05Z;7/7/14;9:38:05;;
588;旱獭;1;20;R;94,14365;34,792191;4739;2014-07-07T01:40:32Z;7/7/14;9:40:32;;
589;旱獭;1;10;L;94,140312;34,788812;4720;2014-07-07T01:41:52Z;7/7/14;9:41:52;;
590;旱獭;1;5;L;94,138747;34,786579;4696;2014-07-07T01:45:11Z;7/7/14;9:45:11;;
591;旱獭;1;10;L;94,138376;34,785513;4695;2014-07-07T01:45:37Z;7/7/14;9:45:37;;
592;旱獭;1;15;L;94,134229;34,782803;4693;2014-07-07T01:46:36Z;7/7/14;9:46:36;;
593;旱獭;1;5;L;94,132897;34,782206;4690;2014-07-07T01:46:49Z;7/7/14;9:46:49;;
594;旱獭;1;20;L;94,127451;34,779676;4673;2014-07-07T01:48:06Z;7/7/14;9:48:06;;
595;藏原羚;2;800;R;94,127809;34,755535;4608;2014-07-07T01:54:38Z;7/7/14;9:54:38;;
596;旱獭;1;10;R;94,126394;34,752188;4610;2014-07-07T01:55:28Z;7/7/14;9:55:28;;
597;旱獭;1;10;R;94,126855;34,721805;4536;2014-07-07T02:02:30Z;7/7/14;10:02:30;;
598;高原兔;1;20;L;94,126671;34,720549;4535;2014-07-07T02:02:54Z;7/7/14;10:02:54;;
599;大鵟;2;180;R;94,126546;34,718851;4531;2014-07-07T02:03:29Z;7/7/14;10:03:29;;
Li184;小鸮;1;;;94,12558925;34,72413811;4538;2014-07-07T02:11:26Z;7/7/14;10:11:26;;
600;旱獭;2;40;L;94,125574;34,710323;4522;2014-07-07T02:15:04Z;7/7/14;10:15:04;;
601;旱獭;1;30;L;94,125724;34,709339;4519;2014-07-07T02:15:16Z;7/7/14;10:15:16;;
602;大鵟;1;80;L;94,125978;34,707861;4517;2014-07-07T02:15:38Z;7/7/14;10:15:38;;
602;旱獭;1;50;R;94,125978;34,707861;4517;2014-07-07T02:15:38Z;7/7/14;10:15:38;;
603;旱獭;1;60;R;94,126289;34,706035;4516;2014-07-07T02:16:11Z;7/7/14;10:16:11;;
604;旱獭;1;30;L;94,127127;34,701646;4507;2014-07-07T02:17:15Z;7/7/14;10:17:15;;
604;大鵟;1;50;R;94,127127;34,701646;4507;2014-07-07T02:17:15Z;7/7/14;10:17:15;;
605;旱獭;2;20;L;94,127874;34,697815;4502;2014-07-07T02:18:05Z;7/7/14;10:18:05;;
606;旱獭;6;100;R;94,128706;34,693345;4495;2014-07-07T02:18:55Z;7/7/14;10:18:55;;
607;旱獭;4;20;R;94,128648;34,691414;4491;2014-07-07T02:19:16Z;7/7/14;10:19:16;;
608;旱獭;3;80;R;94,128271;34,68869;4486;2014-07-07T02:19:48Z;7/7/14;10:19:48;;
609;旱獭;1;10;R;94,12786;34,686857;4483;2014-07-07T02:20:13Z;7/7/14;10:20:13;;
Li185;藏野驴;1;1000;L;94,12445356;34,67917977;4458,02;2014-07-07T02:22:50Z;7/7/14;10:22:50;;
Li186;藏野驴;1;800;R;94,12327533;34,67396138;4425,99;2014-07-07T02:24:09Z;7/7/14;10:24:09;;
Li187;藏原羚;3;1000;L;94,11113958;34,64719594;4408,73;2014-07-07T03:08:50Z;7/7/14;11:08:50;;
Li188;藏野驴;1;1000;L;94,10548728;34,64364896;4396,8;2014-07-07T03:10:20Z;7/7/14;11:10:20;;
612;旱獭;1;30;L;94,102093;34,635012;4396;2014-07-07T03:12:03Z;7/7/14;11:12:03;;
Li189;藏野驴;1;500;R;94,10152625;34,63510368;4382,93;2014-07-07T03:12:12Z;7/7/14;11:12:12;;
613;大鵟;1;20;L;94,098776;34,621688;4384;2014-07-07T03:17:13Z;7/7/14;11:17:13;;
Li190;藏野驴;1;250;R;94,09281702;34,62201395;4396,61;2014-07-07T03:18:11Z;7/7/14;11:18:11;;
614;沙狐;1;4;R;94,081128;34,617383;4494;2014-07-07T03:21:37Z;7/7/14;11:21:37;;
616;大鵟;1;0;R;94,079221;34,607697;4486;2014-07-07T03:23:49Z;7/7/14;11:23:49;（亚成体）;
Li191;藏原羚;3;0;;94,04145898;34,57293876;4377,24;2014-07-07T03:36:25Z;7/7/14;11:36:25;;
622;旱獭;1;20;L;93,989968;34,554053;4345;2014-07-07T03:52:53Z;7/7/14;11:52:53;;
624;大鵟;1;0;;93,978995;34,524764;4455;2014-07-07T04:01:09Z;7/7/14;12:01:09;飞过马路;
Li192;藏原羚;1;100;L;93,97372744;34,48344352;4349,45;2014-07-07T04:12:01Z;7/7/14;12:12:01;;
626;大鵟;1;0;;93,959531;34,473976;4373;2014-07-07T04:15:24Z;7/7/14;12:15:24;飞过马路;
Li193;藏野驴;1;300;L;93,95182978;34,47194699;4369,01;2014-07-07T04:16:37Z;7/7/14;12:16:37;;
Li194;藏原羚;1;400;R;93,92808005;34,46325525;4355,68;2014-07-07T05:06:39Z;7/7/14;13:06:39;;
Li195;藏野驴;2;100;L;93,9264507;34,46263311;4348,76;2014-07-07T05:07:01Z;7/7/14;13:07:01;;
Li196;藏野驴;1;150;L;93,91879208;34,46106876;4362,56;2014-07-07T05:08:39Z;7/7/14;13:08:39;;
Li197;藏原羚;1;300;R;93,91630132;34,4608046;4363,84;2014-07-07T05:09:09Z;7/7/14;13:09:09;;
Li198;藏原羚;1;100;R;93,91054521;34,45983392;4370,92;2014-07-07T05:10:21Z;7/7/14;13:10:21;;
Li199;藏野驴;2;300;L;93,90403177;34,4582036;4361,87;2014-07-07T05:12:27Z;7/7/14;13:12:27;;
Li200;藏野驴;1;250;R;93,90102668;34,45742993;4367,03;2014-07-07T05:13:07Z;7/7/14;13:13:07;;
Li201;藏野驴;2;300;L;93,89621849;34,45623244;4371,72;2014-07-07T05:14:00Z;7/7/14;13:14:00;;
Li202;藏原羚;1;50;L;93,89341201;34,45597381;4373,2;2014-07-07T05:14:38Z;7/7/14;13:14:38;;
Li203;藏原羚;1;100;L;93,88804268;34,45373839;4388,7;2014-07-07T05:15:46Z;7/7/14;13:15:46;;
Li204;大鵟;2;27;R;93,88339509;34,45318371;4381,31;2014-07-07T05:20:50Z;7/7/14;13:20:50;蛋3;
636;旱獭;2;30;L;93,874785;34,449316;4401;2014-07-07T05:23:16Z;7/7/14;13:23:16;;
637;旱獭;1;10;L;93,870751;34,448049;4401;2014-07-07T05:24:27Z;7/7/14;13:24:27;;
638;猎隼;1;0;;93,865753;34,446723;4408;2014-07-07T05:25:32Z;7/7/14;13:25:32;马路上;
639;旱獭;1;20;L;93,859275;34,4458;4414;2014-07-07T05:27:10Z;7/7/14;13:27:10;;
640;大鵟;1;40;L;93,856393;34,445343;4415;2014-07-07T05:27:42Z;7/7/14;13:27:42;;
641;大鵟;1;200;R;93,854311;34,444964;4413;2014-07-07T05:28:04Z;7/7/14;13:28:04;（亚成体）;
642;大鵟;1;80;L;93,847446;34,444054;4419;2014-07-07T05:29:25Z;7/7/14;13:29:25;;
643;旱獭;1;40;L;93,836305;34,442671;4432;2014-07-07T05:32:12Z;7/7/14;13:32:12;;
644;旱獭;1;0;;93,824324;34,440263;4432;2014-07-07T05:35:13Z;7/7/14;13:35:13;马路上;
646;大鵟;1;200;R;93,819039;34,440117;4437;2014-07-07T05:36:32Z;7/7/14;13:36:32;;
647;旱獭;2;10;R;93,79422;34,438666;4458;2014-07-07T05:45:22Z;7/7/14;13:45:22;;
Li205;大鵟;2;13;R;93,79154405;34,439754;4458,73;2014-07-07T05:46:20Z;7/7/14;13:46:20;;
648;大鵟;1;100;R;93,777846;34,437004;4462;2014-07-07T05:49:46Z;7/7/14;13:49:46;;
649;旱獭;2;40;L;93,765847;34,436673;4471;2014-07-07T05:51:53Z;7/7/14;13:51:53;;
Li206;藏野驴;1;400;R;93,74625606;34,43911487;4474,25;2014-07-07T05:54:28Z;7/7/14;13:54:28;;
652;大鵟;1;5;R;93,735962;34,439345;4495;2014-07-07T05:58:00Z;7/7/14;13:58:00;;
Li207;沙狐;1;;;93,70502347;34,41643255;4624,47;2014-07-07T07:57:37Z;7/7/14;15:57:37;;
Li208;沙狐;1;20;R;93,72309347;34,45519266;4526,49;2014-07-08T01:55:45Z;7/8/14;9:55:45;;
654;旱獭;4;15;R;93,72329;34,456568;4502;2014-07-08T01:57:13Z;7/8/14;9:57:13;;
655;旱獭;1;30;R;93,721333;34,459994;4503;2014-07-08T01:58:16Z;7/8/14;9:58:16;;
656;旱獭;3;30;R;93,719477;34,462789;4507;2014-07-08T01:59:02Z;7/8/14;9:59:02;;
Li209;旱獭;1;;;93,71719173;34,4658435;4532,94;2014-07-08T01:59:12Z;7/8/14;9:59:12;;
657;旱獭;1;0;;93,718609;34,463943;4511;2014-07-08T01:59:23Z;7/8/14;9:59:23;马路上;
Li210;小鸮;2;5;R;93,70864024;34,47988237;4564,03;2014-07-08T02:06:45Z;7/8/14;10:06:45;;
Li211;大鵟;1;;;93,69600543;34,48723174;4574,79;2014-07-08T02:09:40Z;7/8/14;10:09:40;;
658;大鵟;1;10;L;93,697232;34,485601;4547;2014-07-08T02:09:49Z;7/8/14;10:09:49;;
659;旱獭;2;20;L;93,695115;34,494547;4563;2014-07-08T02:12:33Z;7/8/14;10:12:33;;
Li212;旱獭;1;;;93,69375059;34,49712277;4600;2014-07-08T02:12:45Z;7/8/14;10:12:45;;
660;旱獭;1;30;L;93,652728;34,508863;4679;2014-07-08T02:21:10Z;7/8/14;10:21:10;;
661;旱獭;1;100;L;93,642252;34,511499;4664;2014-07-08T02:24:51Z;7/8/14;10:24:51;;
Li213;大鵟;1;5;L;93,64075114;34,53602741;4633,02;2014-07-08T02:31:43Z;7/8/14;10:31:43;巣;
663;旱獭;2;10;R;93,604021;34,546267;4720;2014-07-08T02:41:32Z;7/8/14;10:41:32;;
Li214;沙狐;1;200;R;93,59739005;34,5486913;4736,84;2014-07-08T02:42:20Z;7/8/14;10:42:20;;
664;旱獭;1;50;R;93,591468;34,54841;4664;2014-07-08T02:43:48Z;7/8/14;10:43:48;;
665;大鵟;1;60;R;93,585707;34,550175;4640;2014-07-08T02:45:03Z;7/8/14;10:45:03;;
666;旱獭;1;10;L;93,582966;34,550382;4632;2014-07-08T02:45:26Z;7/8/14;10:45:26;;
667;旱獭;1;100;R;93,574154;34,552194;4610;2014-07-08T02:46:59Z;7/8/14;10:46:59;;
668;旱獭;1;10;R;93,57156;34,553217;4608;2014-07-08T02:47:26Z;7/8/14;10:47:26;;
668;旱獭;1;0;;93,57156;34,553217;4608;2014-07-08T02:47:26Z;7/8/14;10:47:26;;
669;旱獭;1;2;L;93,568189;34,554746;4584;2014-07-08T02:48:04Z;7/8/14;10:48:04;;
669;旱獭;3;10;R;93,568189;34,554746;4584;2014-07-08T02:48:04Z;7/8/14;10:48:04;;
670;旱獭;1;15;R;93,567004;34,557044;4583;2014-07-08T02:48:47Z;7/8/14;10:48:47;;
672;旱獭;1;30;R;93,565309;34,565115;4569;2014-07-08T02:50:27Z;7/8/14;10:50:27;;
Li215;藏野驴;1;150;L;93,5549084;34,60583608;4493,59;2014-07-08T03:10:42Z;7/8/14;11:10:42;;
675;大鵟;1;10;R;93,556758;34,608493;4503;2014-07-08T03:11:28Z;7/8/14;11:11:28;;
676;大鵟;1;80;L;93,5358;34,620985;4501;2014-07-08T03:20:00Z;7/8/14;11:20:00;;
Li216;大鵟;2;;;93,52677369;34,61695255;4498,42;2014-07-08T03:22:02Z;7/8/14;11:22:02;2幼鸟;
Li217;沙狐;1;40;L;93,5027857;34,60807169;4521,84;2014-07-08T03:26:32Z;7/8/14;11:26:32;;
679;藏野驴;3;250;L;93,497377;34,605688;4534;2014-07-08T03:27:51Z;7/8/14;11:27:51;;
Li218;藏野驴;1;100;L;93,48974836;34,6098963;4532,2;2014-07-08T03:29:04Z;7/8/14;11:29:04;;
Li219;藏野驴;1;1000;R;93,47531418;34,61581131;4532,13;2014-07-08T03:32:53Z;7/8/14;11:32:53;;
683;大鵟;4;54;R;93,473203;34,615944;4560;2014-07-08T03:33:23Z;7/8/14;11:33:23;;
Li220;大鵟;3;;;93,46948708;34,61696161;4558,12;2014-07-08T03:36:19Z;7/8/14;11:36:19;2幼鸟;
Li221;藏野驴;1;300;L;93,45558615;34,61791734;4578,29;2014-07-08T03:38:18Z;7/8/14;11:38:18;;
Li222;藏原羚;1;50;L;93,44758874;34,62474433;4551,41;2014-07-08T03:39:49Z;7/8/14;11:39:49;;
Li223;藏野驴;9;1200;R;93,44507961;34,63217921;4500,62;2014-07-08T03:41:20Z;7/8/14;11:41:20;;
Li224;藏野驴;1;60;R;93,44240464;34,63713077;4536,93;2014-07-08T03:47:12Z;7/8/14;11:47:12;;
686;沙狐;1;100;L;93,444008;34,635433;4532;2014-07-08T03:47:13Z;7/8/14;11:47:13;;
687;旱獭;2;10;R;93,437535;34,640628;4536;2014-07-08T03:49:07Z;7/8/14;11:49:07;;
Li226;藏原羚;1;100;R;93,42776975;34,64572795;4515,01;2014-07-08T03:50:07Z;7/8/14;11:50:07;;
Li227;藏野驴;10;150;R;93,42528286;34,64668442;4531,24;2014-07-08T03:50:31Z;7/8/14;11:50:31;;
689;旱獭;1;10;R;93,426256;34,645778;4551;2014-07-08T03:50:36Z;7/8/14;11:50:36;;
Li228;藏野驴;3;1000;L;93,41715047;34,65025961;4553,81;2014-07-08T03:51:37Z;7/8/14;11:51:37;;
Li229;藏野驴;9;100;L;93,38599537;34,68254825;4544,16;2014-07-08T03:58:56Z;7/8/14;11:58:56;;
693;大鵟;1;30;R;93,386413;34,682885;4545;2014-07-08T03:59:27Z;7/8/14;11:59:27;;
Li230;藏原羚;2;150;R;93,36158039;34,71220882;4525,16;2014-07-08T04:05:24Z;7/8/14;12:05:24;;
Li231;藏原羚;1;100;L;93,36320668;34,71865248;4539,15;2014-07-08T04:07:22Z;7/8/14;12:07:22;;
Li232;藏原羚;2;300;R;93,36372995;34,720586;4522,75;2014-07-08T04:08:04Z;7/8/14;12:08:04;;
Li233;藏野驴;1;500;L;93,35859996;34,72587531;4494,96;2014-07-08T04:09:13Z;7/8/14;12:09:13;;
Li234;藏原羚;1;50;R;93,35492617;34,73238668;4492,49;2014-07-08T04:10:38Z;7/8/14;12:10:38;;
Li235;藏原羚;1;100;R;93,35189543;34,74354736;4477,29;2014-07-08T04:13:07Z;7/8/14;12:13:07;;
Li236;藏野驴;3;300;R;93,34817618;34,75057368;4472,58;2014-07-08T04:15:07Z;7/8/14;12:15:07;;
Li237;藏原羚;3;150;L;93,3455228;34,75135618;4478,09;2014-07-08T04:17:46Z;7/8/14;12:17:46;;
Li238;藏原羚;6;0;;93,3426044;34,75412578;4473,45;2014-07-08T04:19:19Z;7/8/14;12:19:19;;
Li239;藏原羚;1;50;R;93,28670739;34,78395107;4470,43;2014-07-08T04:31:35Z;7/8/14;12:31:35;;
Li240;藏原羚;2;0;;93,27635431;34,78408048;4470,33;2014-07-08T04:33:21Z;7/8/14;12:33:21;;
Li241;大鵟;1;47;R;93,26914231;34,78716982;4481,37;2014-07-08T04:34:42Z;7/8/14;12:34:42;;
Li242;猎隼;1;0;R;93,25639204;34,79033986;4485,06;2014-07-08T04:36:52Z;7/8/14;12:36:52;;
708;大鵟;2;2;R;93,248096;34,791262;4482;2014-07-08T04:38:51Z;7/8/14;12:38:51;;
709;金雕;1;5;R;93,244576;34,791214;4492;2014-07-08T04:39:27Z;7/8/14;12:39:27;;
710;旱獭;1;20;L;93,237742;34,793507;4494;2014-07-08T04:40:31Z;7/8/14;12:40:31;;
710;旱獭;2;60;R;93,237742;34,793507;4494;2014-07-08T04:40:31Z;7/8/14;12:40:31;;
710;金雕;1;100;R;93,237742;34,793507;4494;2014-07-08T04:40:31Z;7/8/14;12:40:31;;
Li243;藏野驴;5;150;R;93,23095431;34,79778465;4482;2014-07-08T04:42:03Z;7/8/14;12:42:03;;
Li244;藏原羚;1;150;R;93,22982536;34,79898233;4477,17;2014-07-08T04:42:21Z;7/8/14;12:42:21;;
Li245;藏原羚;3;0;;93,22048699;34,80568233;4492,15;2014-07-08T04:43:44Z;7/8/14;12:43:44;;
712;旱獭;1;80;R;93,226286;34,802402;4488;2014-07-08T04:44:04Z;7/8/14;12:44:04;;
Li246;大鵟;2;;;93,21126415;34,80934814;4486,79;2014-07-08T04:44:39Z;7/8/14;12:44:39;;
Li247;藏野驴;2;150;R;93,20738342;34,81105882;4492,85;2014-07-08T04:45:04Z;7/8/14;12:45:04;;
714;大鵟;2;10;R;93,213442;34,807861;4497;2014-07-08T04:45:36Z;7/8/14;12:45:36;;
Li248;藏原羚;2;150;R;93,2035109;34,81266884;4501,82;2014-07-08T04:45:41Z;7/8/14;12:45:41;;
Li249;黑颈鹤;2;800;R;93,13771732;34,81827293;4509,67;2014-07-08T05:07:34Z;7/8/14;13:07:34;;
Li250;藏野驴;1;300;R;93,1282735;34,81964393;4515,89;2014-07-08T05:09:57Z;7/8/14;13:09:57;;
720;旱獭;1;80;L;93,130406;34,818367;4523;2014-07-08T05:09:58Z;7/8/14;13:09:58;;
721;旱獭;1;70;L;93,110331;34,82126;4542;2014-07-08T05:12:42Z;7/8/14;13:12:42;;
722;旱獭;1;10;L;93,107098;34,821348;4545;2014-07-08T05:13:06Z;7/8/14;13:13:06;;
Li252;藏野驴;8;200;L;93,099382;34,82306207;4542,83;2014-07-08T05:13:46Z;7/8/14;13:13:46;;
725;旱獭;1;50;R;93,084516;34,824938;4556;2014-07-08T05:16:30Z;7/8/14;13:16:30;;
Li253;藏原羚;4;100;L;93,03972246;34,83179608;4557,14;2014-07-08T05:24:32Z;7/8/14;13:24:32;;
Li254;藏野驴;1;150;R;93,03484863;34,83154056;4550,39;2014-07-08T05:25:21Z;7/8/14;13:25:21;;
Li255;藏原羚;2;15;R;93,03206573;34,83088752;4555,24;2014-07-08T05:25:46Z;7/8/14;13:25:46;;
Li256;藏野驴;1;150;R;93,01633891;34,83060045;4563,67;2014-07-08T05:28:33Z;7/8/14;13:28:33;;
Li257;藏野驴;1;200;L;93,00806623;34,82922635;4577,66;2014-07-08T05:29:54Z;7/8/14;13:29:54;;
Li258;藏原羚;1;20;R;92,99122066;34,82938628;4579,96;2014-07-08T05:32:03Z;7/8/14;13:32:03;;
Li259;藏野驴;4;30;R;92,98330399;34,83105917;4589,76;2014-07-08T05:33:24Z;7/8/14;13:33:24;;
Li260;藏原羚;1;30;L;92,980107;34,8337758;4594,96;2014-07-08T05:34:13Z;7/8/14;13:34:13;;
Li261;藏原羚;1;100;L;92,95809685;34,82883188;4607,51;2014-07-08T05:39:21Z;7/8/14;13:39:21;;
Li262;藏野驴;1;1000;R;92,99057699;35,0104415;4594,13;2014-07-08T06:18:08Z;7/8/14;14:18:08;;
Li263;藏原羚;1;100;L;92,99384878;35,01358959;4600,47;2014-07-08T06:18:38Z;7/8/14;14:18:38;;
Li264;藏原羚;1;100;L;93,01002067;35,03256205;4613,95;2014-07-08T06:20:41Z;7/8/14;14:20:41;;
Li265;藏原羚;4;200;L;93,01571106;35,04055403;4638,81;2014-07-08T06:21:33Z;7/8/14;14:21:33;;
Li266;藏原羚;3;120;L;93,03640011;35,16565393;4681,37;2014-07-08T06:41:29Z;7/8/14;14:41:29;;
Li267;藏野驴;2;150;L;93,04454729;35,17921484;4663,68;2014-07-08T06:43:38Z;7/8/14;14:43:38;;
Li268;藏原羚;5;300;R;93,1035559;35,24892921;4642,17;2014-07-08T07:50:05Z;7/8/14;15:50:05;;
Li269;藏羚羊;6;200;L;93,32445273;35,32602819;4536,76;2014-07-08T08:27:56Z;7/8/14;16:27:56;m1f5;
Li270;藏原羚;1;200;L;93,32665541;35,32741888;4529,57;2014-07-08T08:28:41Z;7/8/14;16:28:41;;
Li271;藏羚羊;13;300;L;93,35790044;35,34607215;4521,33;2014-07-08T08:40:27Z;7/8/14;16:40:27;;
Li272;藏原羚;3;10;R;93,7344169;35,51373758;4557,99;2014-07-08T09:23:53Z;7/8/14;17:23:53;;
Li273;藏野驴;2;100;R;93,75790797;35,51831082;4546,4;2014-07-08T09:25:55Z;7/8/14;17:25:55;;
Li274;藏羚羊;5;100;L;93,81734272;35,51960819;4595,01;2014-07-08T09:30:22Z;7/8/14;17:30:22;2m3f;
Li275;狼;1;106;R;93,93025726;35,52915364;4598,38;2014-07-08T09:42:08Z;7/8/14;17:42:08;;
Li276;藏羚羊;4;250;R;94,04255162;35,60413975;4703,82;2014-07-08T09:57:00Z;7/8/14;17:57:00;;
Li277;藏野驴;2;150;R;94,06275715;35,62405801;4741,6;2014-07-08T09:59:41Z;7/8/14;17:59:41;;
Li279;野牦牛;1;300;R;94,00882267;35,56818096;4627,21;2014-08-24T05:48:34Z;8/24/14;13:48:34;;
Li280;藏野驴;11;800;R;94,00033703;35,56638;4654,19;2014-08-24T05:49:13Z;8/24/14;13:49:13;;
Li281;野牦牛;2;200;R;93,99446438;35,5666597;4643,94;2014-08-24T05:50:58Z;8/24/14;13:50:58;;
Li282;藏原羚;1;20;L;93,89296911;35,40408484;4536,38;2014-08-25T01:25:25Z;8/25/14;9:25:25;;
Li283;藏原羚;2;20;L;93,89601838;35,28968419;4460,71;2014-08-25T01:38:40Z;8/25/14;9:38:40;;
Li284;藏原羚;2;30;R;93,90475739;35,25436173;4429,35;2014-08-25T01:42:56Z;8/25/14;9:42:56;;
Li285;旱獭;2;30;R;93,93911942;35,20857628;4421,04;2014-08-25T01:51:52Z;8/25/14;9:51:52;;
Li286;藏原羚;4;230;R;93,94689464;35,19196842;4422,29;2014-08-25T01:54:30Z;8/25/14;9:54:30;;
Li287;藏原羚;4;70;L;93,94800977;35,18832391;4416,64;2014-08-25T01:55:14Z;8/25/14;9:55:14;;
Li288;藏原羚;2;80;L;93,94923442;35,18578367;4424,39;2014-08-25T01:55:43Z;8/25/14;9:55:43;;
Li289;藏野驴;5;600;R;93,95440439;35,17703898;4444,53;2014-08-25T01:58:20Z;8/25/14;9:58:20;;
Li290;藏野驴;1;400;L;93,956776;35,17036985;4422,38;2014-08-25T01:59:56Z;8/25/14;9:59:56;;
Li291;藏野驴;1;450;L;93,95536701;35,16361133;4428,86;2014-08-25T02:01:17Z;8/25/14;10:01:17;;
Li292;藏野驴;1;500;L;93,95522735;35,15539731;4438,24;2014-08-25T02:02:45Z;8/25/14;10:02:45;;
Li293;藏野驴;1;1000;R;93,95726838;35,14880174;4447,28;2014-08-25T02:05:16Z;8/25/14;10:05:16;;
Li294;藏野驴;11;400;L;93,96391368;35,12782859;4462;2014-08-25T02:10:11Z;8/25/14;10:10:11;;
Li295;大鵟;2;30;L;93,9632668;35,12087928;4469,91;2014-08-25T02:12:07Z;8/25/14;10:12:07;;
Li296;藏野驴;13;700;L;94,02836772;35,08291536;4507,77;2014-08-25T02:28:35Z;8/25/14;10:28:35;;
Li297;藏原羚;5;700;L;94,02927658;35,08271774;4505,04;2014-08-25T02:29:08Z;8/25/14;10:29:08;;
Li298;沙狐;1;750;L;94,03164012;35,08252032;4503,78;2014-08-25T02:29:36Z;8/25/14;10:29:36;;
Li299;藏野驴;5;300;L;94,05037648;35,07631839;4503,36;2014-08-25T02:33:31Z;8/25/14;10:33:31;;
Li300;藏野驴;4;1000;L;94,06213737;35,07254962;4520,54;2014-08-25T02:35:42Z;8/25/14;10:35:42;;
Li301;藏原羚;4;50;L;94,06597832;35,06907251;4508,54;2014-08-25T02:37:07Z;8/25/14;10:37:07;;
Li302;藏原羚;5;200;L;94,07084326;35,06716184;4515,06;2014-08-25T02:39:08Z;8/25/14;10:39:08;;
Li303;藏原羚;3;300;L;94,07427441;35,06617932;4501,1;2014-08-25T02:39:57Z;8/25/14;10:39:57;;
Li304;藏野驴;1;50;L;94,07602113;35,06598129;4529,98;2014-08-25T02:40:51Z;8/25/14;10:40:51;;
Li305;藏野驴;5;100;R;94,08648581;35,06303181;4530,53;2014-08-25T02:43:25Z;8/25/14;10:43:25;;
Li306;藏野驴;15;700;L;94,08746641;35,06280399;4527,86;2014-08-25T02:45:07Z;8/25/14;10:45:07;;
Li307;藏羚羊;14;150;L;94,13464819;35,08127424;4453,2;2014-08-25T03:00:36Z;8/25/14;11:00:36;;
Li308;沙狐;1;90;L;94,13644801;35,08175396;4450,59;2014-08-25T03:01:01Z;8/25/14;11:01:01;;
Li309;藏野驴;1;70;L;94,17372894;35,06775823;4449,97;2014-08-25T03:07:20Z;8/25/14;11:07:20;;
Li310;藏原羚;14;150;L;94,18375282;35,07048614;4424,35;2014-08-25T03:10:07Z;8/25/14;11:10:07;;
Li311;藏原羚;1;0;;94,18694403;35,07058012;4415,52;2014-08-25T03:10:41Z;8/25/14;11:10:41;;
Li312;藏野驴;2;1200;R;94,20336248;35,06501306;4434,94;2014-08-25T03:13:05Z;8/25/14;11:13:05;;
Li313;黑颈鹤;2;200;L;94,22147651;35,06488848;4397,59;2014-08-25T03:18:28Z;8/25/14;11:18:28;;
Li314;藏羚羊;6;100;L;94,24076476;35,05377936;4404,51;2014-08-25T03:23:48Z;8/25/14;11:23:48;;
Li315;藏羚羊;1;20;R;94,24295701;35,05209752;4404,15;2014-08-25T03:24:12Z;8/25/14;11:24:12;;
Li316;沙狐;1;100;R;94,35857267;35,03093639;4370,23;2014-08-25T03:42:53Z;8/25/14;11:42:53;;
Li317;藏野驴;6;150;L;94,3623611;35,03202581;4378,61;2014-08-25T03:44:37Z;8/25/14;11:44:37;;
Li318;藏野驴;6;300;L;94,40464416;35,02661446;4360,62;2014-08-25T03:52:13Z;8/25/14;11:52:13;;
Li319;藏原羚;4;250;L;94,4158028;35,02707591;4361,5;2014-08-25T03:54:44Z;8/25/14;11:54:44;;
Li320;藏原羚;1;20;L;94,48597121;34,99831852;4365,06;2014-08-25T04:08:08Z;8/25/14;12:08:08;;
Li321;大鵟;1;20;R;94,62981059;34,95433305;4442,9;2014-08-25T04:30:39Z;8/25/14;12:30:39;;
Li322;大鵟;2;10;R;94,75133384;34,91873733;4490,15;2014-08-25T04:52:05Z;8/25/14;12:52:05;;
Li323;大鵟;1;20;L;94,75682804;34,91570897;4473,64;2014-08-29T01:29:32Z;8/29/14;9:29:32;;
Li324;藏原羚;1;200;R;94,62485049;34,95851824;4445,65;2014-08-29T01:50:29Z;8/29/14;9:50:29;;
Li325;大鵟;1;200;R;94,61911368;34,96079516;4441,76;2014-08-29T01:52:24Z;8/29/14;9:52:24;;
Li326;藏原羚;3;150;L;94,60899959;34,96329493;4448,95;2014-08-29T01:56:08Z;8/29/14;9:56:08;;
Li327;藏原羚;2;50;L;94,59846296;34,97242808;4414,72;2014-08-29T01:59:41Z;8/29/14;9:59:41;;
Li328;藏野驴;1;100;L;94,59458926;34,97467628;4400,36;2014-08-29T02:00:18Z;8/29/14;10:00:18;;
Li329;藏野驴;15;300;R;94,56172567;34,98206537;4378,7;2014-08-29T02:07:24Z;8/29/14;10:07:24;;
Li330;藏原羚;5;300;R;94,55970552;34,98269573;4378,79;2014-08-29T02:07:46Z;8/29/14;10:07:46;;
Li331;藏原羚;1;50;L;94,55297422;34,98747027;4387,3;2014-08-29T02:09:45Z;8/29/14;10:09:45;;
Li332;藏原羚;1;30;R;94,53030476;34,99925712;4376,98;2014-08-29T02:14:25Z;8/29/14;10:14:25;;
Li333;藏原羚;1;700;R;94,39887285;35,02525408;4363,29;2014-08-29T02:52:15Z;8/29/14;10:52:15;;
Li334;藏野驴;2;800;R;94,39717496;35,02525837;4373,77;2014-08-29T02:52:39Z;8/29/14;10:52:39;;
Li335;藏野驴;12;80;R;94,39015355;35,02811195;4370,07;2014-08-29T02:55:14Z;8/29/14;10:55:14;;
Li336;黑颈鹤;2;300;R;94,21719308;35,06766397;4384,49;2014-08-29T03:21:00Z;8/29/14;11:21:00;;
Li337;藏羚羊;9;350;R;94,21200159;35,06746142;4402,04;2014-08-29T03:21:36Z;8/29/14;11:21:36;;
Li338;藏野驴;4;500;R;94,19473741;35,06699525;4420,31;2014-08-29T03:23:23Z;8/29/14;11:23:23;;
Li339;藏羚羊;2;1200;R;94,13489202;35,08154405;4448,99;2014-08-29T03:33:29Z;8/29/14;11:33:29;;
Li340;藏野驴;7;50;R;94,15110915;35,03988104;4499,72;2014-08-29T03:44:56Z;8/29/14;11:44:56;;
Li341;大鵟;1;5;R;94,17313545;35,0294508;4527,93;2014-08-29T03:50:34Z;8/29/14;11:50:34;;
Li342;旱獭;3;20;R;94,17807854;35,02244903;4528,96;2014-08-29T03:52:11Z;8/29/14;11:52:11;;
Li343;藏原羚;1;50;R;94,19172306;35,00014582;4545,63;2014-08-29T03:58:55Z;8/29/14;11:58:55;;
Li344;藏野驴;5;150;R;94,19679179;34,99479522;4549,64;2014-08-29T04:01:17Z;8/29/14;12:01:17;;
Li345;藏野驴;9;50;R;94,20536604;34,98383682;4587,96;2014-08-29T04:24:50Z;8/29/14;12:24:50;;
Li346;藏野驴;12;150;L;94,22030225;34,97135483;4610,76;2014-08-29T04:31:19Z;8/29/14;12:31:19;;
Li347;藏野驴;6;1200;L;94,22004191;34,97001067;4618,61;2014-08-29T04:31:43Z;8/29/14;12:31:43;;
Li348;大鵟;1;;;94,22965192;34,94383516;4805,09;2014-08-29T05:08:12Z;8/29/14;13:08:12;;
Li349;藏原羚;4;20;L;94,23590802;34,8974669;4573,53;2014-08-29T05:20:19Z;8/29/14;13:20:19;;
Li350;藏原羚;800;l;;94,2216535;34,86783396;4471,54;2014-08-29T05:28:44Z;8/29/14;13:28:44;;
Li351;沙狐;1;0;;94,18807633;34,83686786;4565,18;2014-08-29T05:38:40Z;8/29/14;13:38:40;;
Li352;大鵟;1;0;;94,18640576;34,83605507;4547,95;2014-08-29T05:39:02Z;8/29/14;13:39:02;;
Li353;藏野驴;1;1000;L;94,18130436;34,83499112;4551,76;2014-08-29T05:39:55Z;8/29/14;13:39:55;;
Li354;藏原羚;14;700;R;94,17491162;34,83390402;4606,6;2014-08-29T05:42:37Z;8/29/14;13:42:37;;
Li355;旱獭;2;10;L;94,15402845;34,81202795;4826,98;2014-08-29T05:51:13Z;8/29/14;13:51:13;;
Li356;藏野驴;2;200;L;94,14877317;34,79405815;4770,63;2014-08-29T05:57:51Z;8/29/14;13:57:51;;
Li357;旱獭;4;10;L;94,13393433;34,78474955;4710,4;2014-08-29T06:03:13Z;8/29/14;14:03:13;;
Li358;藏原羚;8;150;R;94,12359913;34,67530494;4452,98;2014-08-29T06:42:25Z;8/29/14;14:42:25;;
Li359;藏野驴;3;230;R;94,06437368;34,59509046;4422,32;2014-08-29T07:03:08Z;8/29/14;15:03:08;;
Li360;藏野驴;9;800;L;94,01930204;34,55331657;4338,2;2014-08-29T07:17:24Z;8/29/14;15:17:24;;
Li361;大鵟;1;30;R;93,99323096;34,5451821;4357,35;2014-08-29T07:28:08Z;8/29/14;15:28:08;;
Li362;藏野驴;9;150;L;93,97734762;34,5090397;4394,19;2014-08-29T07:38:47Z;8/29/14;15:38:47;;
Li363;沙狐;1;80;R;93,97312311;34,483391;4356,92;2014-08-29T07:45:45Z;8/29/14;15:45:45;;
Li364;小鸮;1;;;93,94739161;34,47048966;4373,01;2014-08-29T07:51:03Z;8/29/14;15:51:03;;
Li365;藏野驴;1;1500;L;93,92877138;34,46354535;4362,55;2014-08-29T07:58:41Z;8/29/14;15:58:41;;
Li366;藏野驴;1;40;R;93,90699148;34,45893816;4365,09;2014-08-29T08:27:09Z;8/29/14;16:27:09;;
Li367;藏野驴;3;900;L;93,89154151;34,45522245;4388,71;2014-08-29T08:31:01Z;8/29/14;16:31:01;;
Li368;藏野驴;1;700;R;93,88991219;34,45487901;4389,08;2014-08-29T08:31:19Z;8/29/14;16:31:19;;
Li369;藏野驴;6;1500;L;93,88851268;34,45384306;4382,62;2014-08-29T08:32:46Z;8/29/14;16:32:46;;
Li370;藏原羚;1;300;L;93,8845522;34,45295203;4384,59;2014-08-29T08:33:29Z;8/29/14;16:33:29;;
Li371;藏野驴;9;200;L;93,87080379;34,45015088;4387,57;2014-08-29T08:37:53Z;8/29/14;16:37:53;;
Li372;藏野驴;2;50;L;93,8389184;34,4448551;4408,4;2014-08-29T08:44:58Z;8/29/14;16:44:58;;
Li373;藏野驴;2;50;R;93,83722862;34,44464454;4409,44;2014-08-29T08:45:17Z;8/29/14;16:45:17;;
Li374;大鵟;1;10;R;93,74516607;34,43837319;4480,47;2014-08-29T09:04:31Z;8/29/14;17:04:31;;
Li375;藏原羚;17;20;L;93,69572748;34,48779619;4569,02;2014-08-29T23:44:26Z;8/29/14;7:44:26;;
Li376;牛;80;0;;93,67476539;34,50479157;4622,22;2014-08-29T23:50:43Z;8/29/14;7:50:43;;
Li377;藏原羚;8;50;R;93,66033312;34,50798121;4650,51;2014-08-30T00:09:45Z;8/30/14;8:09:45;;
Li378;牛;100;800;L;93,64103843;34,53450354;4630,02;2014-08-30T00:20:35Z;8/30/14;8:20:35;;
Li379;藏原羚;1;50;R;93,62410691;34,54367589;4747,85;2014-08-30T00:26:20Z;8/30/14;8:26:20;;
Li380;牛;80;50;L;93,6046524;34,54764997;4787,31;2014-08-30T00:30:53Z;8/30/14;8:30:53;;
Li381;牛;120;0;;93,57306819;34,55381972;4630,93;2014-08-30T00:37:24Z;8/30/14;8:37:24;;
Li382;藏野驴;8;100;L;93,56201377;34,62620525;4471,73;2014-08-30T01:24:54Z;8/30/14;9:24:54;;
Li383;斑头雁;25;50;L;93,55856268;34,6254144;4471,5;2014-08-30T01:29:55Z;8/30/14;9:29:55;;
Li384;牛;70;0;;93,51890629;34,61246634;4501,77;2014-08-30T01:35:42Z;8/30/14;9:35:42;;
Li385;藏野驴;5;80;L;93,49774643;34,60734056;4525,02;2014-08-30T01:40:20Z;8/30/14;9:40:20;;
Li386;牛;6;80;L;93,49504449;34,60733314;4518,98;2014-08-30T01:40:47Z;8/30/14;9:40:47;;
Li387;牛;30;1200;R;93,48813362;34,61065524;4524,94;2014-08-30T01:42:02Z;8/30/14;9:42:02;;
Li388;羊;500;1500;R;93,48165484;34,61442269;4525,85;2014-08-30T01:43:39Z;8/30/14;9:43:39;;
Li389;藏野驴;1;30;R;93,45465379;34,6180489;4577,21;2014-08-30T01:47:48Z;8/30/14;9:47:48;;
Li390;牛;60;0;;93,45257558;34,61933154;4577,25;2014-08-30T01:48:12Z;8/30/14;9:48:12;;
Li391;大鵟;1;10;L;93,44722465;34,62529995;4545,7;2014-08-30T01:49:23Z;8/30/14;9:49:23;;
Li392;猎隼;1;0;;93,44481638;34,63279786;4522,6;2014-08-30T01:51:10Z;8/30/14;9:51:10;;
Li393;藏野驴;5;150;L;93,42940292;34,64509503;4535,7;2014-08-30T01:56:05Z;8/30/14;9:56:05;;
Li394;旱獭;2;5;R;93,42380123;34,64737733;4543,86;2014-08-30T01:56:53Z;8/30/14;9:56:53;;
Li395;大鵟;1;10;L;93,41190011;34,66012098;4533,13;2014-08-30T02:00:08Z;8/30/14;10:00:08;;
Li396;牛;10;200;R;93,40203764;34,670652;4535,22;2014-08-30T02:02:17Z;8/30/14;10:02:17;;
Li397;羊;600;1200;R;93,39759381;34,67355764;4524,28;2014-08-30T02:03:04Z;8/30/14;10:03:04;;
Li398;藏野驴;1;50;R;93,36475394;34,71962206;4505,97;2014-08-30T02:15:06Z;8/30/14;10:15:06;;
Li399;藏野驴;2;150;R;93,35816265;34,72662775;4488,18;2014-08-30T02:31:12Z;8/30/14;10:31:12;;
Li400;藏原羚;7;140;R;93,35352797;34,73656517;4495,17;2014-08-30T02:34:36Z;8/30/14;10:34:36;;
Li401;藏羚羊;10;100;R;93,33207287;34,77394337;4469,03;2014-08-30T02:44:19Z;8/30/14;10:44:19;;
Li402;藏原羚;7;130;R;93,31952066;34,77915583;4464,09;2014-08-30T02:47:26Z;8/30/14;10:47:26;;
Li403;藏羚羊;7;100;L;93,31280374;34,78251762;4468,59;2014-08-30T02:49:08Z;8/30/14;10:49:08;雌性;
Li404;黑颈鹤;4;80;R;93,28596233;34,78384882;4475,3;2014-08-30T03:08:37Z;8/30/14;11:08:37;;
Li405;藏原羚;2;180;L;93,21457152;34,80810553;4485,03;2014-08-30T03:40:10Z;8/30/14;11:40:10;;
Li406;藏野驴;6;800;L;93,06895763;34,83070401;4549,41;2014-08-30T04:21:25Z;8/30/14;12:21:25;;
Li407;羊;1000;300;R;93,03613388;34,83178057;4541,31;2014-08-30T04:26:52Z;8/30/14;12:26:52;;
Li408;藏原羚;2;100;R;92,98615002;34,82974122;4575,12;2014-08-30T04:34:15Z;8/30/14;12:34:15;;
Li409;藏野驴;11;200;L;93,01405554;35,03765028;4640,48;2014-08-30T05:13:12Z;8/30/14;13:13:12;;
Li410;藏野驴;2;50;L;93,01341312;35,05530703;4649,17;2014-08-30T05:15:32Z;8/30/14;13:15:32;;
Li411;藏原羚;5;10;R;93,11344217;35,25493282;4640,27;2014-08-30T06:25:29Z;8/30/14;14:25:29;;
Li412;藏羚羊;2;80;L;93,11576796;35,25540568;4645,62;2014-08-30T06:25:52Z;8/30/14;14:25:52;雌性;
Li413;藏羚羊;1;100;L;93,12054785;35,25711733;4641,38;2014-08-30T06:26:41Z;8/30/14;14:26:41;雌性;
Li414;藏羚羊;3;100;L;93,18685996;35,26535642;4622,99;2014-08-30T06:34:22Z;8/30/14;14:34:22;雌性;
Li415;藏羚羊;4;30;L;93,1948834;35,26820044;4612,22;2014-08-30T06:37:25Z;8/30/14;14:37:25;;
Li416;藏羚羊;5;10;L;93,24331454;35,28524533;4566,74;2014-08-30T06:42:05Z;8/30/14;14:42:05;;
Li417;藏原羚;4;10;L;93,29666932;35,30090229;4554,46;2014-08-30T06:47:03Z;8/30/14;14:47:03;;
Li418;藏野驴;1;20;L;93,30017388;35,30218561;4553,42;2014-08-30T06:47:21Z;8/30/14;14:47:21;;
Li419;藏羚羊;1;200;L;93,42709356;35,36306919;4506,45;2014-08-30T06:57:54Z;8/30/14;14:57:54;;
Li420;藏羚羊;2;10;L;93,44267587;35,36533186;4507,66;2014-08-30T06:59:55Z;8/30/14;14:59:55;;
Li421;藏羚羊;1;100;L;93,47600421;35,37281333;4502,58;2014-08-30T07:02:49Z;8/30/14;15:02:49;;
Li422;藏羚羊;10;500;L;93,49078704;35,37912782;4500,34;2014-08-30T07:05:57Z;8/30/14;15:05:57;;
Li423;藏羚羊;3;800;L;93,50557883;35,38631627;4498,94;2014-08-30T07:08:06Z;8/30/14;15:08:06;;
Li424;藏羚羊;5;250;L;93,50737448;35,38719053;4492,41;2014-08-30T07:09:12Z;8/30/14;15:09:12;;
Li425;藏羚羊;7;500;L;93,51301807;35,38999585;4481,9;2014-08-30T07:10:18Z;8/30/14;15:10:18;;
Li426;藏羚羊;3;300;L;93,51818556;35,39218538;4487,69;2014-08-30T07:12:33Z;8/30/14;15:12:33;;
Li427;藏原羚;2;200;L;93,5659984;35,40907547;4484,84;2014-08-30T07:17:24Z;8/30/14;15:17:24;;
Li428;藏羚羊;1;150;L;93,57278527;35,41220215;4490,95;2014-08-30T07:18:19Z;8/30/14;15:18:19;;
Li429;藏羚羊;3;1000;L;93,65625292;35,48336511;4514,71;2014-08-30T07:35:16Z;8/30/14;15:35:16;雄性;
Li430;藏野驴;3;1500;L;93,74374319;35,5149253;4569,52;2014-08-30T07:45:44Z;8/30/14;15:45:44;;
Li431;藏羚羊;2;300;L;93,75319953;35,51605142;4544,21;2014-08-30T07:46:59Z;8/30/14;15:46:59;;
Li432;藏羚羊;1;900;L;93,81059228;35,52179588;4586,92;2014-08-30T07:51:47Z;8/30/14;15:51:47;;
Li433;藏羚羊;1;400;L;93,8461988;35,51396412;4572,2;2014-08-30T07:55:11Z;8/30/14;15:55:11;;
Li434;藏羚羊;4;1000;L;93,85570274;35,51524833;4587,47;2014-08-30T07:56:46Z;8/30/14;15:56:46;;
Li435;藏羚羊;2;10;R;93,86151757;35,5185563;4606,77;2014-08-30T07:58:07Z;8/30/14;15:58:07;;
Li436;藏羚羊;2;600;L;93,87835423;35,5252108;4642,5;2014-08-30T08:01:02Z;8/30/14;16:01:02;;
Li437;野牦牛;6;1800;L;93,98263952;35,56770719;4636,77;2014-08-30T08:13:28Z;8/30/14;16:13:28;;
Li438;藏野驴;8;1300;L;94,03713693;35,59761128;4702,62;2014-08-30T08:21:05Z;8/30/14;16:21:05;;
Li439;藏野驴;1;100;R;94,03982927;35,60095572;4706,96;2014-08-30T08:21:44Z;8/30/14;16:21:44;;
